Time,node_load1,is_anomaly
2025/6/5 0:04,0.86,0
2025/6/5 0:04,0.52,0
2025/6/5 0:04,0.52,0
2025/6/5 0:05,0.47,0
2025/6/5 0:05,0.29,0
2025/6/5 0:05,0.29,0
2025/6/5 0:06,0.17,0
2025/6/5 0:06,0.18,0
2025/6/5 0:06,0.18,0
2025/6/5 0:07,0.11,1
2025/6/5 0:07,0.33,0
2025/6/5 0:07,0.33,0
2025/6/5 0:08,1.76,0
2025/6/5 0:08,1.23,0
2025/6/5 0:08,1.23,0
2025/6/5 0:09,0.74,0
2025/6/5 0:09,0.59,0
2025/6/5 0:09,0.59,0
2025/6/5 0:10,0.36,0
2025/6/5 0:10,0.22,0
2025/6/5 0:10,0.22,0
2025/6/5 0:11,0.27,0
2025/6/5 0:11,0.22,0
2025/6/5 0:11,0.22,0
2025/6/5 0:12,0.2,0
2025/6/5 0:12,0.25,0
2025/6/5 0:12,0.25,0
2025/6/5 0:13,0.49,0
2025/6/5 0:13,0.41,0
2025/6/5 0:13,0.41,0
2025/6/5 0:14,0.44,0
2025/6/5 0:14,0.32,0
2025/6/5 0:14,0.32,0
2025/6/5 0:15,0.38,0
2025/6/5 0:15,0.46,0
2025/6/5 0:15,0.46,0
2025/6/5 0:16,0.74,0
2025/6/5 0:16,0.93,0
2025/6/5 0:16,0.93,0
2025/6/5 0:17,0.82,0
2025/6/5 0:17,1.36,0
2025/6/5 0:17,1.36,0
2025/6/5 0:18,0.83,0
2025/6/5 0:18,0.7,0
2025/6/5 0:18,0.7,0
2025/6/5 0:19,0.48,0
2025/6/5 0:19,0.61,0
2025/6/5 0:19,0.61,0
2025/6/5 0:20,0.37,0
2025/6/5 0:20,0.35,0
2025/6/5 0:20,0.35,0
2025/6/5 0:21,0.21,0
2025/6/5 0:21,0.13,0
2025/6/5 0:21,0.13,0
2025/6/5 0:22,0.14,0
2025/6/5 0:22,0.09,1
2025/6/5 0:22,0.09,1
2025/6/5 0:23,0.05,1
2025/6/5 0:23,0.09,1
2025/6/5 0:23,0.09,1
2025/6/5 0:24,0.55,0
2025/6/5 0:24,0.49,0
2025/6/5 0:24,0.49,0
2025/6/5 0:25,0.3,0
2025/6/5 0:25,0.25,0
2025/6/5 0:25,0.25,0
2025/6/5 0:26,0.23,0
2025/6/5 0:26,0.19,0
2025/6/5 0:26,0.19,0
2025/6/5 0:27,0.11,1
2025/6/5 0:27,0.18,0
2025/6/5 0:27,0.18,0
2025/6/5 0:28,0.24,0
2025/6/5 0:28,0.4,0
2025/6/5 0:28,0.4,0
2025/6/5 0:29,0.3,0
2025/6/5 0:29,0.18,0
2025/6/5 0:29,0.18,0
2025/6/5 0:30,0.81,0
2025/6/5 0:30,0.49,0
2025/6/5 0:30,0.49,0
2025/6/5 0:31,0.3,0
2025/6/5 0:31,0.41,0
2025/6/5 0:31,0.41,0
2025/6/5 0:32,0.25,0
2025/6/5 0:32,0.22,0
2025/6/5 0:32,0.22,0
2025/6/5 0:33,0.19,0
2025/6/5 0:33,0.24,0
2025/6/5 0:33,0.24,0
2025/6/5 0:34,0.15,0
2025/6/5 0:34,0.28,0
2025/6/5 0:34,0.28,0
2025/6/5 0:35,0.41,0
2025/6/5 0:35,0.36,0
2025/6/5 0:35,0.36,0
2025/6/5 0:36,0.27,0
2025/6/5 0:36,0.31,0
2025/6/5 0:36,0.31,0
2025/6/5 0:37,0.19,0
2025/6/5 0:37,0.11,1
2025/6/5 0:37,0.11,1
2025/6/5 0:38,0.18,0
2025/6/5 0:38,0.55,0
2025/6/5 0:38,0.55,0
2025/6/5 0:39,0.82,0
2025/6/5 0:39,0.49,0
2025/6/5 0:39,0.49,0
2025/6/5 0:40,0.3,0
2025/6/5 0:40,0.33,0
2025/6/5 0:40,0.33,0
2025/6/5 0:41,0.36,0
2025/6/5 0:41,0.3,0
2025/6/5 0:41,0.3,0
2025/6/5 0:42,0.18,0
2025/6/5 0:42,0.11,1
2025/6/5 0:42,0.11,1
2025/6/5 0:43,0.06,1
2025/6/5 0:43,0.04,1
2025/6/5 0:43,0.04,1
2025/6/5 0:44,1.6,0
2025/6/5 0:44,1.21,0
2025/6/5 0:44,1.21,0
2025/6/5 0:45,0.94,0
2025/6/5 0:45,0.97,0
2025/6/5 0:45,0.97,0
2025/6/5 0:46,0.59,0
2025/6/5 0:46,1.31,0
2025/6/5 0:46,1.31,0
2025/6/5 0:47,0.79,0
2025/6/5 0:47,0.48,0
2025/6/5 0:47,0.48,0
2025/6/5 0:48,0.29,0
2025/6/5 0:48,0.3,0
2025/6/5 0:48,0.3,0
2025/6/5 0:49,0.18,0
2025/6/5 0:49,0.24,0
2025/6/5 0:49,0.24,0
2025/6/5 0:50,0.27,0
2025/6/5 0:50,0.42,0
2025/6/5 0:50,0.42,0
2025/6/5 0:51,0.26,0
2025/6/5 0:51,0.22,0
2025/6/5 0:51,0.22,0
2025/6/5 0:52,0.28,0
2025/6/5 0:52,0.47,0
2025/6/5 0:52,0.47,0
2025/6/5 0:53,0.86,0
2025/6/5 0:53,0.8,0
2025/6/5 0:53,0.8,0
2025/6/5 0:54,0.67,0
2025/6/5 0:54,0.66,0
2025/6/5 0:54,0.66,0
2025/6/5 0:55,0.52,0
2025/6/5 0:55,0.38,0
2025/6/5 0:55,0.38,0
2025/6/5 0:56,0.23,0
2025/6/5 0:56,0.19,0
2025/6/5 0:56,0.19,0
2025/6/5 0:57,0.24,0
2025/6/5 0:57,0.14,0
2025/6/5 0:57,0.14,0
2025/6/5 0:58,0.09,1
2025/6/5 0:58,0.11,1
2025/6/5 0:58,0.11,1
2025/6/5 0:59,0.2,0
2025/6/5 0:59,0.56,0
2025/6/5 0:59,0.56,0
2025/6/5 1:00,0.42,0
2025/6/5 1:00,0.57,0
2025/6/5 1:00,0.57,0
2025/6/5 1:01,0.45,0
2025/6/5 1:01,0.27,0
2025/6/5 1:01,0.27,0
2025/6/5 1:02,0.47,0
2025/6/5 1:02,0.28,0
2025/6/5 1:02,0.28,0
2025/6/5 1:03,0.17,0
2025/6/5 1:03,0.1,1
2025/6/5 1:03,0.1,1
2025/6/5 1:04,0.06,1
2025/6/5 1:04,0.1,1
2025/6/5 1:04,0.1,1
2025/6/5 1:05,0.2,0
2025/6/5 1:05,0.52,0
2025/6/5 1:05,0.52,0
2025/6/5 1:06,0.37,0
2025/6/5 1:06,0.27,0
2025/6/5 1:06,0.27,0
2025/6/5 1:07,0.25,0
2025/6/5 1:07,0.15,0
2025/6/5 1:07,0.15,0
2025/6/5 1:08,0.16,0
2025/6/5 1:08,0.1,1
2025/6/5 1:08,0.1,1
2025/6/5 1:09,0.06,1
2025/6/5 1:09,0.15,0
2025/6/5 1:09,0.15,0
2025/6/5 1:10,0.17,0
2025/6/5 1:10,0.3,0
2025/6/5 1:10,0.3,0
2025/6/5 1:11,0.18,0
2025/6/5 1:11,0.27,0
2025/6/5 1:11,0.27,0
2025/6/5 1:12,0.22,0
2025/6/5 1:12,0.26,0
2025/6/5 1:12,0.26,0
2025/6/5 1:13,0.15,0
2025/6/5 1:13,0.09,1
2025/6/5 1:13,0.09,1
2025/6/5 1:14,0.06,1
2025/6/5 1:14,0.11,1
2025/6/5 1:14,0.11,1
2025/6/5 1:15,0.12,1
2025/6/5 1:15,0.12,1
2025/6/5 1:15,0.12,1
2025/6/5 1:16,0.56,0
2025/6/5 1:16,1.42,0
2025/6/5 1:16,1.42,0
2025/6/5 1:17,2.89,1
2025/6/5 1:17,1.75,0
2025/6/5 1:17,1.75,0
2025/6/5 1:18,1.06,0
2025/6/5 1:18,0.64,0
2025/6/5 1:18,0.64,0
2025/6/5 1:19,0.45,0
2025/6/5 1:19,0.35,0
2025/6/5 1:19,0.35,0
2025/6/5 1:20,0.34,0
2025/6/5 1:20,0.33,0
2025/6/5 1:20,0.33,0
2025/6/5 1:21,0.68,0
2025/6/5 1:21,0.57,0
2025/6/5 1:21,0.57,0
2025/6/5 1:22,0.34,0
2025/6/5 1:22,0.76,0
2025/6/5 1:22,0.76,0
2025/6/5 1:23,0.46,0
2025/6/5 1:23,0.28,0
2025/6/5 1:23,0.28,0
2025/6/5 1:24,0.17,0
2025/6/5 1:24,0.1,1
2025/6/5 1:24,0.1,1
2025/6/5 1:25,0.51,0
2025/6/5 1:25,0.37,0
2025/6/5 1:25,0.37,0
2025/6/5 1:26,1.07,0
2025/6/5 1:26,0.73,0
2025/6/5 1:26,0.73,0
2025/6/5 1:27,0.65,0
2025/6/5 1:27,0.45,0
2025/6/5 1:27,0.45,0
2025/6/5 1:28,0.56,0
2025/6/5 1:28,2.23,0
2025/6/5 1:28,2.23,0
2025/6/5 1:29,1.41,0
2025/6/5 1:29,0.98,0
2025/6/5 1:29,0.98,0
2025/6/5 1:30,0.66,0
2025/6/5 1:30,0.53,0
2025/6/5 1:30,0.53,0
2025/6/5 1:31,0.44,0
2025/6/5 1:31,0.99,0
2025/6/5 1:31,0.99,0
2025/6/5 1:32,0.6,0
2025/6/5 1:32,0.36,0
2025/6/5 1:32,0.36,0
2025/6/5 1:33,0.22,0
2025/6/5 1:33,0.21,0
2025/6/5 1:33,0.21,0
2025/6/5 1:34,1.25,0
2025/6/5 1:34,0.82,0
2025/6/5 1:34,0.82,0
2025/6/5 1:35,0.5,0
2025/6/5 1:35,0.3,0
2025/6/5 1:35,0.3,0
2025/6/5 1:36,0.39,0
2025/6/5 1:36,0.24,0
2025/6/5 1:36,0.24,0
2025/6/5 1:37,0.73,0
2025/6/5 1:37,0.65,0
2025/6/5 1:37,0.65,0
2025/6/5 1:38,0.39,0
2025/6/5 1:38,0.29,0
2025/6/5 1:38,0.29,0
2025/6/5 1:39,0.31,0
2025/6/5 1:39,0.29,0
2025/6/5 1:39,0.29,0
2025/6/5 1:40,0.18,0
2025/6/5 1:40,0.17,0
2025/6/5 1:40,0.17,0
2025/6/5 1:41,0.22,0
2025/6/5 1:41,0.13,0
2025/6/5 1:41,0.13,0
2025/6/5 1:42,0.08,1
2025/6/5 1:42,0.26,0
2025/6/5 1:42,0.26,0
2025/6/5 1:43,0.34,0
2025/6/5 1:43,0.26,0
2025/6/5 1:43,0.26,0
2025/6/5 1:44,0.16,0
2025/6/5 1:44,0.1,1
2025/6/5 1:44,0.1,1
2025/6/5 1:45,0.14,0
2025/6/5 1:45,0.21,0
2025/6/5 1:45,0.21,0
2025/6/5 1:46,0.13,0
2025/6/5 1:46,0.55,0
2025/6/5 1:46,0.55,0
2025/6/5 1:47,0.33,0
2025/6/5 1:47,0.27,0
2025/6/5 1:47,0.27,0
2025/6/5 1:48,0.22,0
2025/6/5 1:48,0.19,0
2025/6/5 1:48,0.19,0
2025/6/5 1:49,0.17,0
2025/6/5 1:49,0.1,1
2025/6/5 1:49,0.1,1
2025/6/5 1:50,0.14,0
2025/6/5 1:50,0.23,0
2025/6/5 1:50,0.23,0
2025/6/5 1:51,0.3,0
2025/6/5 1:51,0.18,0
2025/6/5 1:51,0.18,0
2025/6/5 1:52,1.42,0
2025/6/5 1:52,1.14,0
2025/6/5 1:52,1.14,0
2025/6/5 1:53,0.89,0
2025/6/5 1:53,0.54,0
2025/6/5 1:53,0.54,0
2025/6/5 1:54,0.62,0
2025/6/5 1:54,0.44,0
2025/6/5 1:54,0.44,0
2025/6/5 1:55,0.27,0
2025/6/5 1:55,0.16,0
2025/6/5 1:55,0.16,0
2025/6/5 1:56,2.33,0
2025/6/5 1:56,1.6,0
2025/6/5 1:56,1.6,0
2025/6/5 1:57,1.29,0
2025/6/5 1:57,0.97,0
2025/6/5 1:57,0.97,0
2025/6/5 1:58,0.71,0
2025/6/5 1:58,0.56,0
2025/6/5 1:58,0.56,0
2025/6/5 1:59,1.21,0
2025/6/5 1:59,0.79,0
2025/6/5 1:59,0.79,0
2025/6/5 2:00,0.6,0
2025/6/5 2:00,0.62,0
2025/6/5 2:00,0.62,0
2025/6/5 2:01,0.54,0
2025/6/5 2:01,0.52,0
2025/6/5 2:01,0.52,0
2025/6/5 2:02,0.45,0
2025/6/5 2:02,0.27,0
2025/6/5 2:02,0.27,0
2025/6/5 2:03,0.16,0
2025/6/5 2:03,0.73,0
2025/6/5 2:03,0.73,0
2025/6/5 2:04,0.44,0
2025/6/5 2:04,0.44,0
2025/6/5 2:04,0.44,0
2025/6/5 2:05,0.47,0
2025/6/5 2:05,0.34,0
2025/6/5 2:05,0.34,0
2025/6/5 2:06,0.2,0
2025/6/5 2:06,0.28,0
2025/6/5 2:06,0.28,0
2025/6/5 2:07,0.64,0
2025/6/5 2:07,0.39,0
2025/6/5 2:07,0.39,0
2025/6/5 2:08,1.07,0
2025/6/5 2:08,0.73,0
2025/6/5 2:08,0.73,0
2025/6/5 2:09,0.49,0
2025/6/5 2:09,0.36,0
2025/6/5 2:09,0.36,0
2025/6/5 2:10,0.22,0
2025/6/5 2:10,0.85,0
2025/6/5 2:10,0.85,0
2025/6/5 2:11,0.57,0
2025/6/5 2:11,0.41,0
2025/6/5 2:11,0.41,0
2025/6/5 2:12,0.4,0
2025/6/5 2:12,0.31,0
2025/6/5 2:12,0.31,0
2025/6/5 2:13,0.25,0
2025/6/5 2:13,0.15,0
2025/6/5 2:13,0.15,0
2025/6/5 2:14,0.16,0
2025/6/5 2:14,0.26,0
2025/6/5 2:14,0.26,0
2025/6/5 2:15,0.15,0
2025/6/5 2:15,0.09,1
2025/6/5 2:15,0.09,1
2025/6/5 2:16,0.28,0
2025/6/5 2:16,0.17,0
2025/6/5 2:16,0.17,0
2025/6/5 2:17,0.31,0
2025/6/5 2:17,0.35,0
2025/6/5 2:17,0.35,0
2025/6/5 2:18,0.26,0
2025/6/5 2:18,0.36,0
2025/6/5 2:18,0.36,0
2025/6/5 2:19,0.67,0
2025/6/5 2:19,0.66,0
2025/6/5 2:19,0.66,0
2025/6/5 2:20,0.65,0
2025/6/5 2:20,0.87,0
2025/6/5 2:20,0.87,0
2025/6/5 2:21,0.58,0
2025/6/5 2:21,0.46,0
2025/6/5 2:21,0.46,0
2025/6/5 2:22,0.36,0
2025/6/5 2:22,0.42,0
2025/6/5 2:22,0.42,0
2025/6/5 2:23,1.29,0
2025/6/5 2:23,0.83,0
2025/6/5 2:23,0.83,0
2025/6/5 2:24,0.5,0
2025/6/5 2:24,0.3,0
2025/6/5 2:24,0.3,0
2025/6/5 2:25,0.24,0
2025/6/5 2:25,0.14,0
2025/6/5 2:25,0.14,0
2025/6/5 2:26,0.09,1
2025/6/5 2:26,0.37,0
2025/6/5 2:26,0.37,0
2025/6/5 2:27,0.22,0
2025/6/5 2:27,0.21,0
2025/6/5 2:27,0.21,0
2025/6/5 2:28,0.42,0
2025/6/5 2:28,3.37,1
2025/6/5 2:28,3.37,1
2025/6/5 2:29,2.36,0
2025/6/5 2:29,1.43,0
2025/6/5 2:29,1.43,0
2025/6/5 2:30,0.87,0
2025/6/5 2:30,0.87,0
2025/6/5 2:30,0.87,0
2025/6/5 2:31,0.53,0
2025/6/5 2:31,1.23,0
2025/6/5 2:31,1.23,0
2025/6/5 2:32,0.75,0
2025/6/5 2:32,0.69,0
2025/6/5 2:32,0.69,0
2025/6/5 2:33,0.57,0
2025/6/5 2:33,0.41,0
2025/6/5 2:33,0.41,0
2025/6/5 2:34,0.38,0
2025/6/5 2:34,0.37,0
2025/6/5 2:34,0.37,0
2025/6/5 2:35,0.42,0
2025/6/5 2:35,0.35,0
2025/6/5 2:35,0.35,0
2025/6/5 2:36,0.72,0
2025/6/5 2:36,0.7,0
2025/6/5 2:36,0.7,0
2025/6/5 2:37,0.67,0
2025/6/5 2:37,0.59,0
2025/6/5 2:37,0.59,0
2025/6/5 2:38,1.48,0
2025/6/5 2:38,1.51,0
2025/6/5 2:38,1.51,0
2025/6/5 2:39,0.96,0
2025/6/5 2:39,0.65,0
2025/6/5 2:39,0.65,0
2025/6/5 2:40,0.67,0
2025/6/5 2:40,0.53,0
2025/6/5 2:40,0.53,0
2025/6/5 2:41,0.39,0
2025/6/5 2:41,0.31,0
2025/6/5 2:41,0.31,0
2025/6/5 2:42,0.25,0
2025/6/5 2:42,0.21,0
2025/6/5 2:42,0.21,0
2025/6/5 2:43,0.13,0
2025/6/5 2:43,0.14,0
2025/6/5 2:43,0.14,0
2025/6/5 2:44,0.16,0
2025/6/5 2:44,0.17,0
2025/6/5 2:44,0.17,0
2025/6/5 2:45,0.1,1
2025/6/5 2:45,0.12,1
2025/6/5 2:45,0.12,1
2025/6/5 2:46,0.13,0
2025/6/5 2:46,0.21,0
2025/6/5 2:46,0.21,0
2025/6/5 2:47,0.2,0
2025/6/5 2:47,0.12,1
2025/6/5 2:47,0.12,1
2025/6/5 2:48,0.07,1
2025/6/5 2:48,0.04,1
2025/6/5 2:48,0.04,1
2025/6/5 2:49,0.19,0
2025/6/5 2:49,0.12,1
2025/6/5 2:49,0.12,1
2025/6/5 2:50,0.31,0
2025/6/5 2:50,0.3,0
2025/6/5 2:50,0.3,0
2025/6/5 2:51,0.18,0
2025/6/5 2:51,0.19,0
2025/6/5 2:51,0.19,0
2025/6/5 2:52,0.18,0
2025/6/5 2:52,0.18,0
2025/6/5 2:52,0.18,0
2025/6/5 2:53,0.11,1
2025/6/5 2:53,0.13,0
2025/6/5 2:53,0.13,0
2025/6/5 2:54,0.36,0
2025/6/5 2:54,0.22,0
2025/6/5 2:54,0.22,0
2025/6/5 2:55,0.18,0
2025/6/5 2:55,0.32,0
2025/6/5 2:55,0.32,0
2025/6/5 2:56,0.19,0
2025/6/5 2:56,0.17,0
2025/6/5 2:56,0.17,0
2025/6/5 2:57,0.18,0
2025/6/5 2:57,0.35,0
2025/6/5 2:57,0.35,0
2025/6/5 2:58,1.09,0
2025/6/5 2:58,0.66,0
2025/6/5 2:58,0.66,0
2025/6/5 2:59,0.45,0
2025/6/5 2:59,0.34,0
2025/6/5 2:59,0.34,0
2025/6/5 3:00,0.32,0
2025/6/5 3:00,1.12,0
2025/6/5 3:00,1.12,0
2025/6/5 3:01,1.62,0
2025/6/5 3:01,1.73,0
2025/6/5 3:01,1.73,0
2025/6/5 3:02,1.12,0
2025/6/5 3:02,0.67,0
2025/6/5 3:02,0.67,0
2025/6/5 3:03,0.47,0
2025/6/5 3:03,0.41,0
2025/6/5 3:03,0.41,0
2025/6/5 3:04,0.39,0
2025/6/5 3:04,1.32,0
2025/6/5 3:04,1.32,0
2025/6/5 3:05,0.8,0
2025/6/5 3:05,1.27,0
2025/6/5 3:05,1.27,0
2025/6/5 3:06,1.17,0
2025/6/5 3:06,0.71,0
2025/6/5 3:06,0.71,0
2025/6/5 3:07,0.43,0
2025/6/5 3:07,0.32,0
2025/6/5 3:07,0.32,0
2025/6/5 3:08,0.19,0
2025/6/5 3:08,0.12,1
2025/6/5 3:08,0.12,1
2025/6/5 3:09,0.15,0
2025/6/5 3:09,0.45,0
2025/6/5 3:09,0.45,0
2025/6/5 3:10,0.27,0
2025/6/5 3:10,0.16,0
2025/6/5 3:10,0.16,0
2025/6/5 3:11,0.1,1
2025/6/5 3:11,0.17,0
2025/6/5 3:11,0.17,0
2025/6/5 3:12,0.25,0
2025/6/5 3:12,0.15,0
2025/6/5 3:12,0.15,0
2025/6/5 3:13,0.09,1
2025/6/5 3:13,0.12,1
2025/6/5 3:13,0.12,1
2025/6/5 3:14,0.2,0
2025/6/5 3:14,0.19,0
2025/6/5 3:14,0.19,0
2025/6/5 3:15,0.23,0
2025/6/5 3:15,0.32,0
2025/6/5 3:15,0.32,0
2025/6/5 3:16,0.54,0
2025/6/5 3:16,0.39,0
2025/6/5 3:16,0.39,0
2025/6/5 3:17,0.39,0
2025/6/5 3:17,0.37,0
2025/6/5 3:17,0.37,0
2025/6/5 3:18,0.33,0
2025/6/5 3:18,0.2,0
2025/6/5 3:18,0.2,0
2025/6/5 3:19,0.17,0
2025/6/5 3:19,0.26,0
2025/6/5 3:19,0.26,0
2025/6/5 3:20,0.45,0
2025/6/5 3:20,0.46,0
2025/6/5 3:20,0.46,0
2025/6/5 3:21,0.46,0
2025/6/5 3:21,0.34,0
2025/6/5 3:21,0.34,0
2025/6/5 3:22,0.2,0
2025/6/5 3:22,0.12,1
2025/6/5 3:22,0.12,1
2025/6/5 3:23,0.57,0
2025/6/5 3:23,0.34,0
2025/6/5 3:23,0.34,0
2025/6/5 3:24,0.21,0
2025/6/5 3:24,1.32,0
2025/6/5 3:24,1.32,0
2025/6/5 3:25,1.08,0
2025/6/5 3:25,1.03,0
2025/6/5 3:25,1.03,0
2025/6/5 3:26,0.69,0
2025/6/5 3:26,0.63,0
2025/6/5 3:26,0.63,0
2025/6/5 3:27,0.38,0
2025/6/5 3:27,0.23,0
2025/6/5 3:27,0.23,0
2025/6/5 3:28,1.49,0
2025/6/5 3:28,0.9,0
2025/6/5 3:28,0.9,0
2025/6/5 3:29,0.55,0
2025/6/5 3:29,0.33,0
2025/6/5 3:29,0.33,0
2025/6/5 3:30,0.35,0
2025/6/5 3:30,0.4,0
2025/6/5 3:30,0.4,0
2025/6/5 3:31,0.52,0
2025/6/5 3:31,0.31,0
2025/6/5 3:31,0.31,0
2025/6/5 3:32,0.19,0
2025/6/5 3:32,0.11,1
2025/6/5 3:32,0.11,1
2025/6/5 3:33,0.07,1
2025/6/5 3:33,0.04,1
2025/6/5 3:33,0.04,1
2025/6/5 3:34,0.2,0
2025/6/5 3:34,0.12,1
2025/6/5 3:34,0.12,1
2025/6/5 3:35,0.23,0
2025/6/5 3:35,0.45,0
2025/6/5 3:35,0.45,0
2025/6/5 3:36,0.97,0
2025/6/5 3:36,0.74,0
2025/6/5 3:36,0.74,0
2025/6/5 3:37,1.38,0
2025/6/5 3:37,0.83,0
2025/6/5 3:37,0.83,0
2025/6/5 3:38,0.66,0
2025/6/5 3:38,0.47,0
2025/6/5 3:38,0.47,0
2025/6/5 3:39,0.28,0
2025/6/5 3:39,0.17,0
2025/6/5 3:39,0.17,0
2025/6/5 3:40,0.72,0
2025/6/5 3:40,1.64,0
2025/6/5 3:40,1.64,0
2025/6/5 3:41,1.23,0
2025/6/5 3:41,2.2,0
2025/6/5 3:41,2.2,0
2025/6/5 3:42,1.44,0
2025/6/5 3:42,0.98,0
2025/6/5 3:42,0.98,0
2025/6/5 3:43,0.79,0
2025/6/5 3:43,0.59,0
2025/6/5 3:43,0.59,0
2025/6/5 3:44,1.93,0
2025/6/5 3:44,1.28,0
2025/6/5 3:44,1.28,0
2025/6/5 3:45,0.83,0
2025/6/5 3:45,0.64,0
2025/6/5 3:45,0.64,0
2025/6/5 3:46,0.58,0
2025/6/5 3:46,0.41,0
2025/6/5 3:46,0.41,0
2025/6/5 3:47,0.39,0
2025/6/5 3:47,0.43,0
2025/6/5 3:47,0.43,0
2025/6/5 3:48,0.26,0
2025/6/5 3:48,0.16,0
2025/6/5 3:48,0.16,0
2025/6/5 3:49,0.09,1
2025/6/5 3:49,0.18,0
2025/6/5 3:49,0.18,0
2025/6/5 3:50,0.11,1
2025/6/5 3:50,0.28,0
2025/6/5 3:50,0.28,0
2025/6/5 3:51,0.23,0
2025/6/5 3:51,0.14,0
2025/6/5 3:51,0.14,0
2025/6/5 3:52,0.08,1
2025/6/5 3:52,0.05,1
2025/6/5 3:52,0.05,1
2025/6/5 3:53,0.03,1
2025/6/5 3:53,0.02,1
2025/6/5 3:53,0.02,1
2025/6/5 3:54,0.24,0
2025/6/5 3:54,0.15,0
2025/6/5 3:54,0.15,0
2025/6/5 3:55,0.09,1
2025/6/5 3:55,0.2,0
2025/6/5 3:55,0.2,0
2025/6/5 3:56,0.73,0
2025/6/5 3:56,0.73,0
2025/6/5 3:56,0.73,0
2025/6/5 3:57,0.51,0
2025/6/5 3:57,0.52,0
2025/6/5 3:57,0.52,0
2025/6/5 3:58,0.31,0
2025/6/5 3:58,0.19,0
2025/6/5 3:58,0.19,0
2025/6/5 3:59,0.11,1
2025/6/5 3:59,0.12,1
2025/6/5 3:59,0.12,1
2025/6/5 4:00,0.32,0
2025/6/5 4:00,0.19,0
2025/6/5 4:00,0.19,0
2025/6/5 4:01,0.18,0
2025/6/5 4:01,0.28,0
2025/6/5 4:01,0.28,0
2025/6/5 4:02,0.46,0
2025/6/5 4:02,0.76,0
2025/6/5 4:02,0.76,0
2025/6/5 4:03,0.7,0
2025/6/5 4:03,0.67,0
2025/6/5 4:03,0.67,0
2025/6/5 4:04,0.66,0
2025/6/5 4:04,0.4,0
2025/6/5 4:04,0.4,0
2025/6/5 4:05,0.24,0
2025/6/5 4:05,0.21,0
2025/6/5 4:05,0.21,0
2025/6/5 4:06,0.12,1
2025/6/5 4:06,0.18,0
2025/6/5 4:06,0.18,0
2025/6/5 4:07,0.38,0
2025/6/5 4:07,0.23,0
2025/6/5 4:07,0.23,0
2025/6/5 4:08,0.34,0
2025/6/5 4:08,0.21,0
2025/6/5 4:08,0.21,0
2025/6/5 4:09,0.19,0
2025/6/5 4:09,0.12,1
2025/6/5 4:09,0.12,1
2025/6/5 4:10,0.07,1
2025/6/5 4:10,0.18,0
2025/6/5 4:10,0.18,0
2025/6/5 4:11,0.11,1
2025/6/5 4:11,0.2,0
2025/6/5 4:11,0.2,0
2025/6/5 4:12,0.12,1
2025/6/5 4:12,1.78,0
2025/6/5 4:12,1.78,0
2025/6/5 4:13,1.32,0
2025/6/5 4:13,0.92,0
2025/6/5 4:13,0.92,0
2025/6/5 4:14,0.56,0
2025/6/5 4:14,0.34,0
2025/6/5 4:14,0.34,0
2025/6/5 4:15,2.42,0
2025/6/5 4:15,1.47,0
2025/6/5 4:15,1.47,0
2025/6/5 4:16,0.95,0
2025/6/5 4:16,0.58,0
2025/6/5 4:16,0.58,0
2025/6/5 4:17,0.41,0
2025/6/5 4:17,0.32,0
2025/6/5 4:17,0.32,0
2025/6/5 4:18,0.46,0
2025/6/5 4:18,0.53,0
2025/6/5 4:18,0.53,0
2025/6/5 4:19,0.39,0
2025/6/5 4:19,0.29,0
2025/6/5 4:19,0.29,0
2025/6/5 4:20,0.34,0
2025/6/5 4:20,0.55,0
2025/6/5 4:20,0.55,0
2025/6/5 4:21,0.64,0
2025/6/5 4:21,0.7,0
2025/6/5 4:21,0.7,0
2025/6/5 4:22,0.61,0
2025/6/5 4:22,1.27,0
2025/6/5 4:22,1.27,0
2025/6/5 4:23,1.18,0
2025/6/5 4:23,1.0,0
2025/6/5 4:23,1.0,0
2025/6/5 4:24,0.88,0
2025/6/5 4:24,0.62,0
2025/6/5 4:24,0.62,0
2025/6/5 4:25,0.42,0
2025/6/5 4:25,0.34,0
2025/6/5 4:25,0.34,0
2025/6/5 4:26,0.2,0
2025/6/5 4:26,2.14,0
2025/6/5 4:26,2.14,0
2025/6/5 4:27,1.42,0
2025/6/5 4:27,1.09,0
2025/6/5 4:27,1.09,0
2025/6/5 4:28,0.93,0
2025/6/5 4:28,0.61,0
2025/6/5 4:28,0.61,0
2025/6/5 4:29,0.52,0
2025/6/5 4:29,0.42,0
2025/6/5 4:29,0.42,0
2025/6/5 4:30,0.33,0
2025/6/5 4:30,0.45,0
2025/6/5 4:30,0.45,0
2025/6/5 4:31,0.51,0
2025/6/5 4:31,0.31,0
2025/6/5 4:31,0.31,0
2025/6/5 4:32,0.19,0
2025/6/5 4:32,0.25,0
2025/6/5 4:32,0.25,0
2025/6/5 4:33,0.15,0
2025/6/5 4:33,0.46,0
2025/6/5 4:33,0.46,0
2025/6/5 4:34,0.28,0
2025/6/5 4:34,0.43,0
2025/6/5 4:34,0.43,0
2025/6/5 4:35,0.33,0
2025/6/5 4:35,0.2,0
2025/6/5 4:35,0.2,0
2025/6/5 4:36,0.12,1
2025/6/5 4:36,0.07,1
2025/6/5 4:36,0.07,1
2025/6/5 4:37,0.04,1
2025/6/5 4:37,0.14,0
2025/6/5 4:37,0.14,0
2025/6/5 4:38,0.14,0
2025/6/5 4:38,0.08,1
2025/6/5 4:38,0.08,1
2025/6/5 4:39,0.12,1
2025/6/5 4:39,0.07,1
2025/6/5 4:39,0.07,1
2025/6/5 4:40,0.22,0
2025/6/5 4:40,0.21,0
2025/6/5 4:40,0.21,0
2025/6/5 4:41,0.12,1
2025/6/5 4:41,0.29,0
2025/6/5 4:41,0.29,0
2025/6/5 4:42,0.65,0
2025/6/5 4:42,0.39,0
2025/6/5 4:42,0.39,0
2025/6/5 4:43,0.31,0
2025/6/5 4:43,0.27,0
2025/6/5 4:43,0.27,0
2025/6/5 4:44,0.35,0
2025/6/5 4:44,0.68,0
2025/6/5 4:44,0.68,0
2025/6/5 4:45,2.24,0
2025/6/5 4:45,2.59,0
2025/6/5 4:45,2.59,0
2025/6/5 4:46,2.82,0
2025/6/5 4:46,1.95,0
2025/6/5 4:46,1.95,0
2025/6/5 4:47,1.23,0
2025/6/5 4:47,0.75,0
2025/6/5 4:47,0.75,0
2025/6/5 4:48,0.45,0
2025/6/5 4:48,0.34,0
2025/6/5 4:48,0.34,0
2025/6/5 4:49,0.35,0
2025/6/5 4:49,0.36,0
2025/6/5 4:49,0.36,0
2025/6/5 4:50,0.22,0
2025/6/5 4:50,0.37,0
2025/6/5 4:50,0.37,0
2025/6/5 4:51,0.29,0
2025/6/5 4:51,0.24,0
2025/6/5 4:51,0.24,0
2025/6/5 4:52,0.14,0
2025/6/5 4:52,0.14,0
2025/6/5 4:52,0.14,0
2025/6/5 4:53,0.09,1
2025/6/5 4:53,0.05,1
2025/6/5 4:53,0.05,1
2025/6/5 4:54,0.18,0
2025/6/5 4:54,0.64,0
2025/6/5 4:54,0.64,0
2025/6/5 4:55,0.39,0
2025/6/5 4:55,0.23,0
2025/6/5 4:55,0.23,0
2025/6/5 4:56,0.2,0
2025/6/5 4:56,0.2,0
2025/6/5 4:56,0.2,0
2025/6/5 4:57,0.19,0
2025/6/5 4:57,1.19,0
2025/6/5 4:57,1.19,0
2025/6/5 4:58,0.72,0
2025/6/5 4:58,0.52,0
2025/6/5 4:58,0.52,0
2025/6/5 4:59,0.52,0
2025/6/5 4:59,0.37,0
2025/6/5 4:59,0.37,0
2025/6/5 5:00,0.28,0
2025/6/5 5:00,0.29,0
2025/6/5 5:00,0.29,0
2025/6/5 5:01,0.25,0
2025/6/5 5:01,0.15,0
2025/6/5 5:01,0.15,0
2025/6/5 5:02,0.14,0
2025/6/5 5:02,0.08,1
2025/6/5 5:02,0.08,1
2025/6/5 5:03,0.11,1
2025/6/5 5:03,0.14,0
2025/6/5 5:03,0.14,0
2025/6/5 5:04,0.29,0
2025/6/5 5:04,0.32,0
2025/6/5 5:04,0.32,0
2025/6/5 5:05,0.26,0
2025/6/5 5:05,0.31,0
2025/6/5 5:05,0.31,0
2025/6/5 5:06,0.32,0
2025/6/5 5:06,0.19,0
2025/6/5 5:06,0.19,0
2025/6/5 5:07,0.18,0
2025/6/5 5:07,0.26,0
2025/6/5 5:07,0.26,0
2025/6/5 5:08,0.22,0
2025/6/5 5:08,0.13,0
2025/6/5 5:08,0.13,0
2025/6/5 5:09,0.13,0
2025/6/5 5:09,0.51,0
2025/6/5 5:09,0.51,0
2025/6/5 5:10,0.44,0
2025/6/5 5:10,0.33,0
2025/6/5 5:10,0.33,0
2025/6/5 5:11,0.36,0
2025/6/5 5:11,0.22,0
2025/6/5 5:11,0.22,0
2025/6/5 5:12,0.13,0
2025/6/5 5:12,0.08,1
2025/6/5 5:12,0.08,1
2025/6/5 5:13,0.27,0
2025/6/5 5:13,0.29,0
2025/6/5 5:13,0.29,0
2025/6/5 5:14,0.4,0
2025/6/5 5:14,0.41,0
2025/6/5 5:14,0.41,0
2025/6/5 5:15,0.39,0
2025/6/5 5:15,0.31,0
2025/6/5 5:15,0.31,0
2025/6/5 5:16,0.51,0
2025/6/5 5:16,0.39,0
2025/6/5 5:16,0.39,0
2025/6/5 5:17,0.61,0
2025/6/5 5:17,0.45,0
2025/6/5 5:17,0.45,0
2025/6/5 5:18,0.27,0
2025/6/5 5:18,0.16,0
2025/6/5 5:18,0.16,0
2025/6/5 5:19,0.1,1
2025/6/5 5:19,0.06,1
2025/6/5 5:19,0.06,1
2025/6/5 5:20,0.09,1
2025/6/5 5:20,3.43,1
2025/6/5 5:20,3.43,1
2025/6/5 5:21,2.08,0
2025/6/5 5:21,1.32,0
2025/6/5 5:21,1.32,0
2025/6/5 5:22,0.8,0
2025/6/5 5:22,0.6,0
2025/6/5 5:22,0.6,0
2025/6/5 5:23,0.36,0
2025/6/5 5:23,0.55,0
2025/6/5 5:23,0.55,0
2025/6/5 5:24,0.33,0
2025/6/5 5:24,0.49,0
2025/6/5 5:24,0.49,0
2025/6/5 5:25,0.63,0
2025/6/5 5:25,0.56,0
2025/6/5 5:25,0.56,0
2025/6/5 5:26,0.58,0
2025/6/5 5:26,1.2,0
2025/6/5 5:26,1.2,0
2025/6/5 5:27,0.85,0
2025/6/5 5:27,0.68,0
2025/6/5 5:27,0.68,0
2025/6/5 5:28,0.52,0
2025/6/5 5:28,0.37,0
2025/6/5 5:28,0.37,0
2025/6/5 5:29,0.43,0
2025/6/5 5:29,0.26,0
2025/6/5 5:29,0.26,0
2025/6/5 5:30,0.44,0
2025/6/5 5:30,0.27,0
2025/6/5 5:30,0.27,0
2025/6/5 5:31,0.24,0
2025/6/5 5:31,0.14,0
2025/6/5 5:31,0.14,0
2025/6/5 5:32,0.31,0
2025/6/5 5:32,0.19,0
2025/6/5 5:32,0.19,0
2025/6/5 5:33,0.11,1
2025/6/5 5:33,0.07,1
2025/6/5 5:33,0.07,1
2025/6/5 5:34,0.1,1
2025/6/5 5:34,0.06,1
2025/6/5 5:34,0.06,1
2025/6/5 5:35,0.09,1
2025/6/5 5:35,0.05,1
2025/6/5 5:35,0.05,1
2025/6/5 5:36,0.03,1
2025/6/5 5:36,0.02,1
2025/6/5 5:36,0.02,1
2025/6/5 5:37,0.01,1
2025/6/5 5:37,0.0,0
2025/6/5 5:37,0.0,0
2025/6/5 5:38,0.06,1
2025/6/5 5:38,0.04,1
2025/6/5 5:38,0.04,1
2025/6/5 5:39,0.14,0
2025/6/5 5:39,0.29,0
2025/6/5 5:39,0.29,0
2025/6/5 5:40,0.18,0
2025/6/5 5:40,0.18,0
2025/6/5 5:40,0.18,0
2025/6/5 5:41,0.11,1
2025/6/5 5:41,0.06,1
2025/6/5 5:41,0.06,1
2025/6/5 5:42,0.04,1
2025/6/5 5:42,0.18,0
2025/6/5 5:42,0.18,0
2025/6/5 5:43,0.11,1
2025/6/5 5:43,0.12,1
2025/6/5 5:43,0.12,1
2025/6/5 5:44,0.07,1
2025/6/5 5:44,0.17,0
2025/6/5 5:44,0.17,0
2025/6/5 5:45,0.1,1
2025/6/5 5:45,0.13,0
2025/6/5 5:45,0.13,0
2025/6/5 5:46,0.08,1
2025/6/5 5:46,0.47,0
2025/6/5 5:46,0.47,0
2025/6/5 5:47,0.75,0
2025/6/5 5:47,0.63,0
2025/6/5 5:47,0.63,0
2025/6/5 5:48,0.65,0
2025/6/5 5:48,0.58,0
2025/6/5 5:48,0.58,0
2025/6/5 5:49,0.47,0
2025/6/5 5:49,0.49,0
2025/6/5 5:49,0.49,0
2025/6/5 5:50,0.51,0
2025/6/5 5:50,0.39,0
2025/6/5 5:50,0.39,0
2025/6/5 5:51,0.36,0
2025/6/5 5:51,0.22,0
2025/6/5 5:51,0.22,0
2025/6/5 5:52,0.13,0
2025/6/5 5:52,0.08,1
2025/6/5 5:52,0.08,1
2025/6/5 5:53,0.05,1
2025/6/5 5:53,0.21,0
2025/6/5 5:53,0.21,0
2025/6/5 5:54,0.2,0
2025/6/5 5:54,0.17,0
2025/6/5 5:54,0.17,0
2025/6/5 5:55,0.33,0
2025/6/5 5:55,0.2,0
2025/6/5 5:55,0.2,0
2025/6/5 5:56,0.2,0
2025/6/5 5:56,0.27,0
2025/6/5 5:56,0.27,0
2025/6/5 5:57,3.21,1
2025/6/5 5:57,2.08,0
2025/6/5 5:57,2.08,0
2025/6/5 5:58,1.26,0
2025/6/5 5:58,0.76,0
2025/6/5 5:58,0.76,0
2025/6/5 5:59,0.75,0
2025/6/5 5:59,0.63,0
2025/6/5 5:59,0.63,0
2025/6/5 6:00,0.51,0
2025/6/5 6:00,0.41,0
2025/6/5 6:00,0.41,0
2025/6/5 6:01,0.32,0
2025/6/5 6:01,0.31,0
2025/6/5 6:01,0.31,0
2025/6/5 6:02,0.33,0
2025/6/5 6:02,0.32,0
2025/6/5 6:02,0.32,0
2025/6/5 6:03,2.18,0
2025/6/5 6:03,1.52,0
2025/6/5 6:03,1.52,0
2025/6/5 6:04,1.28,0
2025/6/5 6:04,1.22,0
2025/6/5 6:04,1.22,0
2025/6/5 6:05,1.01,0
2025/6/5 6:05,0.95,0
2025/6/5 6:05,0.95,0
2025/6/5 6:06,0.89,0
2025/6/5 6:06,0.72,0
2025/6/5 6:06,0.72,0
2025/6/5 6:07,0.64,0
2025/6/5 6:07,0.53,0
2025/6/5 6:07,0.53,0
2025/6/5 6:08,1.56,0
2025/6/5 6:08,0.95,0
2025/6/5 6:08,0.95,0
2025/6/5 6:09,0.57,0
2025/6/5 6:09,0.4,0
2025/6/5 6:09,0.4,0
2025/6/5 6:10,0.24,0
2025/6/5 6:10,0.14,0
2025/6/5 6:10,0.14,0
2025/6/5 6:11,0.09,1
2025/6/5 6:11,0.13,0
2025/6/5 6:11,0.13,0
2025/6/5 6:12,1.1,0
2025/6/5 6:12,0.66,0
2025/6/5 6:12,0.66,0
2025/6/5 6:13,0.4,0
2025/6/5 6:13,0.3,0
2025/6/5 6:13,0.3,0
2025/6/5 6:14,0.26,0
2025/6/5 6:14,0.39,0
2025/6/5 6:14,0.39,0
2025/6/5 6:15,1.2,0
2025/6/5 6:15,0.88,0
2025/6/5 6:15,0.88,0
2025/6/5 6:16,0.54,0
2025/6/5 6:16,0.38,0
2025/6/5 6:16,0.38,0
2025/6/5 6:17,0.29,0
2025/6/5 6:17,0.23,0
2025/6/5 6:17,0.23,0
2025/6/5 6:18,0.14,0
2025/6/5 6:18,0.08,1
2025/6/5 6:18,0.08,1
2025/6/5 6:19,0.05,1
2025/6/5 6:19,0.19,0
2025/6/5 6:19,0.19,0
2025/6/5 6:20,0.19,0
2025/6/5 6:20,0.12,1
2025/6/5 6:20,0.12,1
2025/6/5 6:21,0.07,1
2025/6/5 6:21,0.04,1
2025/6/5 6:21,0.04,1
2025/6/5 6:22,0.17,0
2025/6/5 6:22,0.26,0
2025/6/5 6:22,0.26,0
2025/6/5 6:23,0.35,0
2025/6/5 6:23,0.53,0
2025/6/5 6:23,0.53,0
2025/6/5 6:24,0.57,0
2025/6/5 6:24,0.46,0
2025/6/5 6:24,0.46,0
2025/6/5 6:25,0.28,0
2025/6/5 6:25,0.17,0
2025/6/5 6:25,0.17,0
2025/6/5 6:26,0.1,1
2025/6/5 6:26,0.94,0
2025/6/5 6:26,0.94,0
2025/6/5 6:27,0.62,0
2025/6/5 6:27,0.43,0
2025/6/5 6:27,0.43,0
2025/6/5 6:28,0.33,0
2025/6/5 6:28,0.88,0
2025/6/5 6:28,0.88,0
2025/6/5 6:29,1.44,0
2025/6/5 6:29,1.8,0
2025/6/5 6:29,1.8,0
2025/6/5 6:30,2.15,0
2025/6/5 6:30,1.43,0
2025/6/5 6:30,1.43,0
2025/6/5 6:31,1.16,0
2025/6/5 6:31,0.7,0
2025/6/5 6:31,0.7,0
2025/6/5 6:32,0.58,0
2025/6/5 6:32,0.61,0
2025/6/5 6:32,0.61,0
2025/6/5 6:33,0.48,0
2025/6/5 6:33,0.29,0
2025/6/5 6:33,0.29,0
2025/6/5 6:34,2.15,0
2025/6/5 6:34,1.3,0
2025/6/5 6:34,1.3,0
2025/6/5 6:35,0.79,0
2025/6/5 6:35,0.54,0
2025/6/5 6:35,0.54,0
2025/6/5 6:36,0.32,0
2025/6/5 6:36,0.28,0
2025/6/5 6:36,0.28,0
2025/6/5 6:37,0.17,0
2025/6/5 6:37,0.15,0
2025/6/5 6:37,0.15,0
2025/6/5 6:38,0.17,0
2025/6/5 6:38,0.1,1
2025/6/5 6:38,0.1,1
2025/6/5 6:39,0.11,1
2025/6/5 6:39,0.07,1
2025/6/5 6:39,0.07,1
2025/6/5 6:40,0.2,0
2025/6/5 6:40,0.28,0
2025/6/5 6:40,0.28,0
2025/6/5 6:41,0.17,0
2025/6/5 6:41,0.1,1
2025/6/5 6:41,0.1,1
2025/6/5 6:42,0.88,0
2025/6/5 6:42,1.16,0
2025/6/5 6:42,1.16,0
2025/6/5 6:43,0.81,0
2025/6/5 6:43,0.86,0
2025/6/5 6:43,0.86,0
2025/6/5 6:44,0.71,0
2025/6/5 6:44,0.48,0
2025/6/5 6:44,0.48,0
2025/6/5 6:45,0.29,0
2025/6/5 6:45,0.24,0
2025/6/5 6:45,0.24,0
2025/6/5 6:46,0.68,0
2025/6/5 6:46,0.48,0
2025/6/5 6:46,0.48,0
2025/6/5 6:47,0.29,0
2025/6/5 6:47,0.28,0
2025/6/5 6:47,0.28,0
2025/6/5 6:48,0.76,0
2025/6/5 6:48,0.51,0
2025/6/5 6:48,0.51,0
2025/6/5 6:49,0.5,0
2025/6/5 6:49,0.3,0
2025/6/5 6:49,0.3,0
2025/6/5 6:50,0.18,0
2025/6/5 6:50,0.11,1
2025/6/5 6:50,0.11,1
2025/6/5 6:51,0.25,0
2025/6/5 6:51,0.21,0
2025/6/5 6:51,0.21,0
2025/6/5 6:52,0.19,0
2025/6/5 6:52,0.29,0
2025/6/5 6:52,0.29,0
2025/6/5 6:53,0.18,0
2025/6/5 6:53,0.23,0
2025/6/5 6:53,0.23,0
2025/6/5 6:54,0.14,0
2025/6/5 6:54,0.21,0
2025/6/5 6:54,0.21,0
2025/6/5 6:55,0.23,0
2025/6/5 6:55,0.14,0
2025/6/5 6:55,0.14,0
2025/6/5 6:56,1.97,0
2025/6/5 6:56,1.35,0
2025/6/5 6:56,1.35,0
2025/6/5 6:57,0.81,0
2025/6/5 6:57,0.49,0
2025/6/5 6:57,0.49,0
2025/6/5 6:58,0.35,0
2025/6/5 6:58,0.21,0
2025/6/5 6:58,0.21,0
2025/6/5 6:59,0.2,0
2025/6/5 6:59,0.19,0
2025/6/5 6:59,0.19,0
2025/6/5 7:00,0.11,1
2025/6/5 7:00,0.65,0
2025/6/5 7:00,0.65,0
2025/6/5 7:01,1.0,0
2025/6/5 7:01,0.83,0
2025/6/5 7:01,0.83,0
2025/6/5 7:02,0.61,0
2025/6/5 7:02,0.42,0
2025/6/5 7:02,0.42,0
2025/6/5 7:03,0.25,0
2025/6/5 7:03,0.15,0
2025/6/5 7:03,0.15,0
2025/6/5 7:04,0.22,0
2025/6/5 7:04,0.88,0
2025/6/5 7:04,0.88,0
2025/6/5 7:05,1.71,0
2025/6/5 7:05,1.11,0
2025/6/5 7:05,1.11,0
2025/6/5 7:06,1.12,0
2025/6/5 7:06,1.03,0
2025/6/5 7:06,1.03,0
2025/6/5 7:07,0.88,0
2025/6/5 7:07,0.6,0
2025/6/5 7:07,0.6,0
2025/6/5 7:08,0.62,0
2025/6/5 7:08,0.38,0
2025/6/5 7:08,0.38,0
2025/6/5 7:09,0.36,0
2025/6/5 7:09,0.46,0
2025/6/5 7:09,0.46,0
2025/6/5 7:10,0.67,0
2025/6/5 7:10,0.51,0
2025/6/5 7:10,0.51,0
2025/6/5 7:11,0.47,0
2025/6/5 7:11,0.63,0
2025/6/5 7:11,0.63,0
2025/6/5 7:12,0.85,0
2025/6/5 7:12,0.57,0
2025/6/5 7:12,0.57,0
2025/6/5 7:13,0.58,0
2025/6/5 7:13,0.35,0
2025/6/5 7:13,0.35,0
2025/6/5 7:14,0.44,0
2025/6/5 7:14,1.0,0
2025/6/5 7:14,1.0,0
2025/6/5 7:15,0.77,0
2025/6/5 7:15,0.68,0
2025/6/5 7:15,0.68,0
2025/6/5 7:16,0.55,0
2025/6/5 7:16,0.81,0
2025/6/5 7:16,0.81,0
2025/6/5 7:17,0.71,0
2025/6/5 7:17,0.58,0
2025/6/5 7:17,0.58,0
2025/6/5 7:18,0.35,0
2025/6/5 7:18,0.37,0
2025/6/5 7:18,0.37,0
2025/6/5 7:19,0.29,0
2025/6/5 7:19,0.23,0
2025/6/5 7:19,0.23,0
2025/6/5 7:20,0.14,0
2025/6/5 7:20,0.32,0
2025/6/5 7:20,0.32,0
2025/6/5 7:21,0.38,0
2025/6/5 7:21,0.41,0
2025/6/5 7:21,0.41,0
2025/6/5 7:22,0.38,0
2025/6/5 7:22,0.36,0
2025/6/5 7:22,0.36,0
2025/6/5 7:23,0.21,0
2025/6/5 7:23,0.2,0
2025/6/5 7:23,0.2,0
2025/6/5 7:24,0.12,1
2025/6/5 7:24,0.13,0
2025/6/5 7:24,0.13,0
2025/6/5 7:25,0.21,0
2025/6/5 7:25,0.12,1
2025/6/5 7:25,0.12,1
2025/6/5 7:26,0.99,0
2025/6/5 7:26,0.73,0
2025/6/5 7:26,0.73,0
2025/6/5 7:27,0.44,0
2025/6/5 7:27,0.27,0
2025/6/5 7:27,0.27,0
2025/6/5 7:28,0.16,0
2025/6/5 7:28,0.25,0
2025/6/5 7:28,0.25,0
2025/6/5 7:29,0.15,0
2025/6/5 7:29,0.09,1
2025/6/5 7:29,0.09,1
2025/6/5 7:30,0.11,1
2025/6/5 7:30,0.34,0
2025/6/5 7:30,0.34,0
2025/6/5 7:31,0.21,0
2025/6/5 7:31,0.38,0
2025/6/5 7:31,0.38,0
2025/6/5 7:32,0.85,0
2025/6/5 7:32,0.99,0
2025/6/5 7:32,0.99,0
2025/6/5 7:33,0.76,0
2025/6/5 7:33,0.46,0
2025/6/5 7:33,0.46,0
2025/6/5 7:34,0.28,0
2025/6/5 7:34,0.17,0
2025/6/5 7:34,0.17,0
2025/6/5 7:35,0.47,0
2025/6/5 7:35,0.29,0
2025/6/5 7:35,0.29,0
2025/6/5 7:36,1.6,0
2025/6/5 7:36,1.11,0
2025/6/5 7:36,1.11,0
2025/6/5 7:37,0.82,0
2025/6/5 7:37,0.49,0
2025/6/5 7:37,0.49,0
2025/6/5 7:38,0.86,0
2025/6/5 7:38,0.57,0
2025/6/5 7:38,0.57,0
2025/6/5 7:39,0.35,0
2025/6/5 7:39,0.43,0
2025/6/5 7:39,0.43,0
2025/6/5 7:40,0.4,0
2025/6/5 7:40,0.24,0
2025/6/5 7:40,0.24,0
2025/6/5 7:41,0.54,0
2025/6/5 7:41,0.49,0
2025/6/5 7:41,0.49,0
2025/6/5 7:42,0.29,0
2025/6/5 7:42,0.69,0
2025/6/5 7:42,0.69,0
2025/6/5 7:43,0.55,0
2025/6/5 7:43,1.04,0
2025/6/5 7:43,1.04,0
2025/6/5 7:44,0.77,0
2025/6/5 7:44,0.46,0
2025/6/5 7:44,0.46,0
2025/6/5 7:45,0.36,0
2025/6/5 7:45,0.22,0
2025/6/5 7:45,0.22,0
2025/6/5 7:46,0.13,0
2025/6/5 7:46,0.14,0
2025/6/5 7:46,0.14,0
2025/6/5 7:47,0.15,0
2025/6/5 7:47,0.2,0
2025/6/5 7:47,0.2,0
2025/6/5 7:48,0.27,0
2025/6/5 7:48,0.32,0
2025/6/5 7:48,0.32,0
2025/6/5 7:49,0.97,0
2025/6/5 7:49,0.84,0
2025/6/5 7:49,0.84,0
2025/6/5 7:50,1.12,0
2025/6/5 7:50,0.8,0
2025/6/5 7:50,0.8,0
2025/6/5 7:51,0.74,0
2025/6/5 7:51,0.57,0
2025/6/5 7:51,0.57,0
2025/6/5 7:52,0.47,0
2025/6/5 7:52,0.42,0
2025/6/5 7:52,0.42,0
2025/6/5 7:53,0.38,0
2025/6/5 7:53,0.3,0
2025/6/5 7:53,0.3,0
2025/6/5 7:54,0.18,0
2025/6/5 7:54,0.11,1
2025/6/5 7:54,0.11,1
2025/6/5 7:55,0.12,1
2025/6/5 7:55,0.36,0
2025/6/5 7:55,0.36,0
2025/6/5 7:56,0.49,0
2025/6/5 7:56,0.47,0
2025/6/5 7:56,0.47,0
2025/6/5 7:57,0.37,0
2025/6/5 7:57,0.97,0
2025/6/5 7:57,0.97,0
2025/6/5 7:58,0.58,0
2025/6/5 7:58,0.85,0
2025/6/5 7:58,0.85,0
2025/6/5 7:59,0.52,0
2025/6/5 7:59,0.31,0
2025/6/5 7:59,0.31,0
2025/6/5 8:00,0.19,0
2025/6/5 8:00,0.16,0
2025/6/5 8:00,0.16,0
2025/6/5 8:01,0.17,0
2025/6/5 8:01,0.16,0
2025/6/5 8:01,0.16,0
2025/6/5 8:02,0.09,1
2025/6/5 8:02,0.06,1
2025/6/5 8:02,0.06,1
2025/6/5 8:03,0.3,0
2025/6/5 8:03,0.18,0
2025/6/5 8:03,0.18,0
2025/6/5 8:04,0.24,0
2025/6/5 8:04,0.14,0
2025/6/5 8:04,0.14,0
2025/6/5 8:05,0.14,0
2025/6/5 8:05,0.09,1
2025/6/5 8:05,0.09,1
2025/6/5 8:06,0.13,0
2025/6/5 8:06,0.08,1
2025/6/5 8:06,0.08,1
2025/6/5 8:07,0.05,1
2025/6/5 8:07,0.08,1
2025/6/5 8:07,0.08,1
2025/6/5 8:08,0.53,0
2025/6/5 8:08,0.43,0
2025/6/5 8:08,0.43,0
2025/6/5 8:09,0.32,0
2025/6/5 8:09,0.2,0
2025/6/5 8:09,0.2,0
2025/6/5 8:10,0.17,0
2025/6/5 8:10,0.18,0
2025/6/5 8:10,0.18,0
2025/6/5 8:11,0.18,0
2025/6/5 8:11,0.11,1
2025/6/5 8:11,0.11,1
2025/6/5 8:12,0.06,1
2025/6/5 8:12,0.14,0
2025/6/5 8:12,0.14,0
2025/6/5 8:13,0.6,0
2025/6/5 8:13,1.36,0
2025/6/5 8:13,1.36,0
2025/6/5 8:14,2.27,0
2025/6/5 8:14,2.25,0
2025/6/5 8:14,2.25,0
2025/6/5 8:15,1.43,0
2025/6/5 8:15,1.16,0
2025/6/5 8:15,1.16,0
2025/6/5 8:16,0.7,0
2025/6/5 8:16,0.58,0
2025/6/5 8:16,0.58,0
2025/6/5 8:17,0.89,0
2025/6/5 8:17,0.54,0
2025/6/5 8:17,0.54,0
2025/6/5 8:18,1.14,0
2025/6/5 8:18,0.98,0
2025/6/5 8:18,0.98,0
2025/6/5 8:19,0.59,0
2025/6/5 8:19,1.73,0
2025/6/5 8:19,1.73,0
2025/6/5 8:20,1.19,0
2025/6/5 8:20,0.85,0
2025/6/5 8:20,0.85,0
2025/6/5 8:21,0.52,0
2025/6/5 8:21,0.87,0
2025/6/5 8:21,0.87,0
2025/6/5 8:22,0.58,0
2025/6/5 8:22,1.56,0
2025/6/5 8:22,1.56,0
2025/6/5 8:23,1.08,0
2025/6/5 8:23,1.13,0
2025/6/5 8:23,1.13,0
2025/6/5 8:24,0.82,0
2025/6/5 8:24,0.56,0
2025/6/5 8:24,0.56,0
2025/6/5 8:25,0.34,0
2025/6/5 8:25,0.26,0
2025/6/5 8:25,0.26,0
2025/6/5 8:26,0.16,0
2025/6/5 8:26,0.09,1
2025/6/5 8:26,0.09,1
2025/6/5 8:27,0.25,0
2025/6/5 8:27,0.29,0
2025/6/5 8:27,0.29,0
2025/6/5 8:28,0.35,0
2025/6/5 8:28,0.26,0
2025/6/5 8:28,0.26,0
2025/6/5 8:29,0.62,0
2025/6/5 8:29,0.52,0
2025/6/5 8:29,0.52,0
2025/6/5 8:30,0.31,0
2025/6/5 8:30,0.19,0
2025/6/5 8:30,0.19,0
2025/6/5 8:31,0.11,1
2025/6/5 8:31,0.07,1
2025/6/5 8:31,0.07,1
2025/6/5 8:32,0.04,1
2025/6/5 8:32,0.14,0
2025/6/5 8:32,0.14,0
2025/6/5 8:33,0.16,0
2025/6/5 8:33,0.1,1
2025/6/5 8:33,0.1,1
2025/6/5 8:34,1.18,0
2025/6/5 8:34,0.71,0
2025/6/5 8:34,0.71,0
2025/6/5 8:35,0.51,0
2025/6/5 8:35,0.45,0
2025/6/5 8:35,0.45,0
2025/6/5 8:36,0.27,0
2025/6/5 8:36,0.22,0
2025/6/5 8:36,0.22,0
2025/6/5 8:37,0.38,0
2025/6/5 8:37,0.45,0
2025/6/5 8:37,0.45,0
2025/6/5 8:38,0.38,0
2025/6/5 8:38,0.3,0
2025/6/5 8:38,0.3,0
2025/6/5 8:39,0.18,0
2025/6/5 8:39,0.11,1
2025/6/5 8:39,0.11,1
2025/6/5 8:40,0.15,0
2025/6/5 8:40,0.09,1
2025/6/5 8:40,0.09,1
2025/6/5 8:41,0.11,1
2025/6/5 8:41,0.13,0
2025/6/5 8:41,0.13,0
2025/6/5 8:42,0.08,1
2025/6/5 8:42,0.04,1
2025/6/5 8:42,0.04,1
2025/6/5 8:43,0.03,1
2025/6/5 8:43,0.6,0
2025/6/5 8:43,0.6,0
2025/6/5 8:44,0.36,0
2025/6/5 8:44,0.29,0
2025/6/5 8:44,0.29,0
2025/6/5 8:45,0.25,0
2025/6/5 8:45,0.22,0
2025/6/5 8:45,0.22,0
2025/6/5 8:46,0.2,0
2025/6/5 8:46,0.26,0
2025/6/5 8:46,0.26,0
2025/6/5 8:47,0.33,0
2025/6/5 8:47,0.2,0
2025/6/5 8:47,0.2,0
2025/6/5 8:48,0.12,1
2025/6/5 8:48,0.07,1
2025/6/5 8:48,0.07,1
2025/6/5 8:49,1.67,0
2025/6/5 8:49,1.16,0
2025/6/5 8:49,1.16,0
2025/6/5 8:50,0.77,0
2025/6/5 8:50,0.46,0
2025/6/5 8:50,0.46,0
2025/6/5 8:51,0.59,0
2025/6/5 8:51,0.46,0
2025/6/5 8:51,0.46,0
2025/6/5 8:52,0.34,0
2025/6/5 8:52,0.21,0
2025/6/5 8:52,0.21,0
2025/6/5 8:53,1.01,0
2025/6/5 8:53,0.66,0
2025/6/5 8:53,0.66,0
2025/6/5 8:54,1.14,0
2025/6/5 8:54,2.2,0
2025/6/5 8:54,2.2,0
2025/6/5 8:55,1.57,0
2025/6/5 8:55,1.11,0
2025/6/5 8:55,1.11,0
2025/6/5 8:56,0.72,0
2025/6/5 8:56,0.6,0
2025/6/5 8:56,0.6,0
2025/6/5 8:57,0.41,0
2025/6/5 8:57,0.3,0
2025/6/5 8:57,0.3,0
2025/6/5 8:58,0.26,0
2025/6/5 8:58,0.83,0
2025/6/5 8:58,0.83,0
2025/6/5 8:59,0.94,0
2025/6/5 8:59,0.57,0
2025/6/5 8:59,0.57,0
2025/6/5 9:00,0.4,0
2025/6/5 9:00,0.61,0
2025/6/5 9:00,0.61,0
2025/6/5 9:01,0.7,0
2025/6/5 9:01,0.48,0
2025/6/5 9:01,0.48,0
2025/6/5 9:02,0.42,0
2025/6/5 9:02,0.38,0
2025/6/5 9:02,0.38,0
2025/6/5 9:03,0.34,0
2025/6/5 9:03,0.2,0
2025/6/5 9:03,0.2,0
2025/6/5 9:04,0.18,0
2025/6/5 9:04,0.11,1
2025/6/5 9:04,0.11,1
2025/6/5 9:05,0.88,0
2025/6/5 9:05,0.92,0
2025/6/5 9:05,0.92,0
2025/6/5 9:06,0.68,0
2025/6/5 9:06,0.48,0
2025/6/5 9:06,0.48,0
2025/6/5 9:07,0.29,0
2025/6/5 9:07,0.24,0
2025/6/5 9:07,0.24,0
2025/6/5 9:08,0.2,0
2025/6/5 9:08,0.12,1
2025/6/5 9:08,0.12,1
2025/6/5 9:09,0.15,0
2025/6/5 9:09,0.16,0
2025/6/5 9:09,0.16,0
2025/6/5 9:10,0.09,1
2025/6/5 9:10,0.11,1
2025/6/5 9:10,0.11,1
2025/6/5 9:11,0.37,0
2025/6/5 9:11,0.3,0
2025/6/5 9:11,0.3,0
2025/6/5 9:12,0.23,0
2025/6/5 9:12,0.14,0
2025/6/5 9:12,0.14,0
2025/6/5 9:13,0.14,0
2025/6/5 9:13,0.13,0
2025/6/5 9:13,0.13,0
2025/6/5 9:14,0.15,0
2025/6/5 9:14,0.23,0
2025/6/5 9:14,0.23,0
2025/6/5 9:15,0.19,0
2025/6/5 9:15,0.25,0
2025/6/5 9:15,0.25,0
2025/6/5 9:16,1.01,0
2025/6/5 9:16,0.87,0
2025/6/5 9:16,0.87,0
2025/6/5 9:17,0.78,0
2025/6/5 9:17,0.47,0
2025/6/5 9:17,0.47,0
2025/6/5 9:18,0.28,0
2025/6/5 9:18,0.38,0
2025/6/5 9:18,0.38,0
2025/6/5 9:19,0.29,0
2025/6/5 9:19,0.38,0
2025/6/5 9:19,0.38,0
2025/6/5 9:20,0.76,0
2025/6/5 9:20,0.46,0
2025/6/5 9:20,0.46,0
2025/6/5 9:21,0.41,0
2025/6/5 9:21,0.46,0
2025/6/5 9:21,0.46,0
2025/6/5 9:22,0.36,0
2025/6/5 9:22,0.34,0
2025/6/5 9:22,0.34,0
2025/6/5 9:23,0.2,0
2025/6/5 9:23,0.12,1
2025/6/5 9:23,0.12,1
2025/6/5 9:24,0.07,1
2025/6/5 9:24,0.1,1
2025/6/5 9:24,0.1,1
2025/6/5 9:25,0.63,0
2025/6/5 9:25,2.37,0
2025/6/5 9:25,2.37,0
2025/6/5 9:26,1.6,0
2025/6/5 9:26,1.14,0
2025/6/5 9:26,1.14,0
2025/6/5 9:27,1.13,0
2025/6/5 9:27,0.77,0
2025/6/5 9:27,0.77,0
2025/6/5 9:28,0.46,0
2025/6/5 9:28,0.35,0
2025/6/5 9:28,0.35,0
2025/6/5 9:29,0.21,0
2025/6/5 9:29,0.26,0
2025/6/5 9:29,0.26,0
2025/6/5 9:30,0.16,0
2025/6/5 9:30,0.24,0
2025/6/5 9:30,0.24,0
2025/6/5 9:31,0.21,0
2025/6/5 9:31,0.24,0
2025/6/5 9:31,0.24,0
2025/6/5 9:32,0.42,0
2025/6/5 9:32,0.47,0
2025/6/5 9:32,0.47,0
2025/6/5 9:33,0.52,0
2025/6/5 9:33,1.17,0
2025/6/5 9:33,1.17,0
2025/6/5 9:34,1.19,0
2025/6/5 9:34,1.13,0
2025/6/5 9:34,1.13,0
2025/6/5 9:35,1.2,0
2025/6/5 9:35,2.3,0
2025/6/5 9:35,2.3,0
2025/6/5 9:36,1.78,0
2025/6/5 9:36,1.2,0
2025/6/5 9:36,1.2,0
2025/6/5 9:37,0.85,0
2025/6/5 9:37,0.58,0
2025/6/5 9:37,0.58,0
2025/6/5 9:38,0.42,0
2025/6/5 9:38,0.38,0
2025/6/5 9:38,0.38,0
2025/6/5 9:39,0.23,0
2025/6/5 9:39,0.21,0
2025/6/5 9:39,0.21,0
2025/6/5 9:40,0.19,0
2025/6/5 9:40,0.25,0
2025/6/5 9:40,0.25,0
2025/6/5 9:41,0.46,0
2025/6/5 9:41,0.4,0
2025/6/5 9:41,0.4,0
2025/6/5 9:42,0.24,0
2025/6/5 9:42,0.14,0
2025/6/5 9:42,0.14,0
2025/6/5 9:43,0.09,1
2025/6/5 9:43,0.11,1
2025/6/5 9:43,0.11,1
2025/6/5 9:44,0.15,0
2025/6/5 9:44,0.16,0
2025/6/5 9:44,0.16,0
2025/6/5 9:45,0.1,1
2025/6/5 9:45,0.28,0
2025/6/5 9:45,0.28,0
2025/6/5 9:46,0.17,0
2025/6/5 9:46,0.1,1
2025/6/5 9:46,0.1,1
2025/6/5 9:47,0.14,0
2025/6/5 9:47,0.14,0
2025/6/5 9:47,0.14,0
2025/6/5 9:48,0.22,0
2025/6/5 9:48,0.2,0
2025/6/5 9:48,0.2,0
2025/6/5 9:49,0.12,1
2025/6/5 9:49,0.22,0
2025/6/5 9:49,0.22,0
2025/6/5 9:50,0.2,0
2025/6/5 9:50,0.24,0
2025/6/5 9:50,0.24,0
2025/6/5 9:51,0.2,0
2025/6/5 9:51,0.37,0
2025/6/5 9:51,0.37,0
2025/6/5 9:52,0.22,0
2025/6/5 9:52,0.37,0
2025/6/5 9:52,0.37,0
2025/6/5 9:53,1.47,0
2025/6/5 9:53,0.89,0
2025/6/5 9:53,0.89,0
2025/6/5 9:54,1.49,0
2025/6/5 9:54,0.9,0
2025/6/5 9:54,0.9,0
2025/6/5 9:55,1.28,0
2025/6/5 9:55,0.77,0
2025/6/5 9:55,0.77,0
2025/6/5 9:56,0.52,0
2025/6/5 9:56,0.31,0
2025/6/5 9:56,0.31,0
2025/6/5 9:57,0.38,0
2025/6/5 9:57,1.28,0
2025/6/5 9:57,1.28,0
2025/6/5 9:58,1.65,0
2025/6/5 9:58,1.57,0
2025/6/5 9:58,1.57,0
2025/6/5 9:59,1.02,0
2025/6/5 9:59,0.8,0
2025/6/5 9:59,0.8,0
2025/6/5 10:00,0.6,0
2025/6/5 10:00,0.49,0
2025/6/5 10:00,0.49,0
2025/6/5 10:01,0.36,0
2025/6/5 10:01,1.4,0
2025/6/5 10:01,1.4,0
2025/6/5 10:02,0.85,0
2025/6/5 10:02,1.28,0
2025/6/5 10:02,1.28,0
2025/6/5 10:03,0.89,0
2025/6/5 10:03,0.54,0
2025/6/5 10:03,0.54,0
2025/6/5 10:04,0.33,0
2025/6/5 10:04,0.27,0
2025/6/5 10:04,0.27,0
2025/6/5 10:05,0.16,0
2025/6/5 10:05,0.22,0
2025/6/5 10:05,0.22,0
2025/6/5 10:06,0.13,0
2025/6/5 10:06,0.15,0
2025/6/5 10:06,0.15,0
2025/6/5 10:07,0.33,0
2025/6/5 10:07,0.2,0
2025/6/5 10:07,0.2,0
2025/6/5 10:08,0.19,0
2025/6/5 10:08,0.12,1
2025/6/5 10:08,0.12,1
2025/6/5 10:09,0.39,0
2025/6/5 10:09,0.48,0
2025/6/5 10:09,0.48,0
2025/6/5 10:10,0.35,0
2025/6/5 10:10,0.43,0
2025/6/5 10:10,0.43,0
2025/6/5 10:11,0.5,0
2025/6/5 10:11,0.43,0
2025/6/5 10:11,0.43,0
2025/6/5 10:12,1.06,0
2025/6/5 10:12,0.83,0
2025/6/5 10:12,0.83,0
2025/6/5 10:13,0.5,0
2025/6/5 10:13,0.37,0
2025/6/5 10:13,0.37,0
2025/6/5 10:14,0.36,0
2025/6/5 10:14,0.27,0
2025/6/5 10:14,0.27,0
2025/6/5 10:15,0.22,0
2025/6/5 10:15,0.13,0
2025/6/5 10:15,0.13,0
2025/6/5 10:16,0.15,0
2025/6/5 10:16,0.29,0
2025/6/5 10:16,0.29,0
2025/6/5 10:17,0.17,0
2025/6/5 10:17,0.29,0
2025/6/5 10:17,0.29,0
2025/6/5 10:18,0.26,0
2025/6/5 10:18,0.15,0
2025/6/5 10:18,0.15,0
2025/6/5 10:19,0.09,1
2025/6/5 10:19,0.12,1
2025/6/5 10:19,0.12,1
2025/6/5 10:20,0.13,0
2025/6/5 10:20,0.08,1
2025/6/5 10:20,0.08,1
2025/6/5 10:21,0.12,1
2025/6/5 10:21,0.36,0
2025/6/5 10:21,0.36,0
2025/6/5 10:22,1.45,0
2025/6/5 10:22,1.2,0
2025/6/5 10:22,1.2,0
2025/6/5 10:23,0.86,0
2025/6/5 10:23,0.57,0
2025/6/5 10:23,0.57,0
2025/6/5 10:24,0.35,0
2025/6/5 10:24,0.41,0
2025/6/5 10:24,0.41,0
2025/6/5 10:25,0.45,0
2025/6/5 10:25,0.27,0
2025/6/5 10:25,0.27,0
2025/6/5 10:26,0.22,0
2025/6/5 10:26,0.13,0
2025/6/5 10:26,0.13,0
2025/6/5 10:27,0.08,1
2025/6/5 10:27,0.05,1
2025/6/5 10:27,0.05,1
2025/6/5 10:28,0.11,1
2025/6/5 10:28,0.72,0
2025/6/5 10:28,0.72,0
2025/6/5 10:29,0.44,0
2025/6/5 10:29,0.26,0
2025/6/5 10:29,0.26,0
2025/6/5 10:30,0.16,0
2025/6/5 10:30,0.1,1
2025/6/5 10:30,0.1,1
2025/6/5 10:31,0.14,0
2025/6/5 10:31,0.13,0
2025/6/5 10:31,0.13,0
2025/6/5 10:32,0.5,0
2025/6/5 10:32,0.3,0
2025/6/5 10:32,0.3,0
2025/6/5 10:33,1.17,0
2025/6/5 10:33,1.45,0
2025/6/5 10:33,1.45,0
2025/6/5 10:34,0.94,0
2025/6/5 10:34,0.57,0
2025/6/5 10:34,0.57,0
2025/6/5 10:35,0.42,0
2025/6/5 10:35,0.25,0
2025/6/5 10:35,0.25,0
2025/6/5 10:36,0.2,0
2025/6/5 10:36,0.12,1
2025/6/5 10:36,0.12,1
2025/6/5 10:37,0.76,0
2025/6/5 10:37,1.43,0
2025/6/5 10:37,1.43,0
2025/6/5 10:38,1.04,0
2025/6/5 10:38,1.08,0
2025/6/5 10:38,1.08,0
2025/6/5 10:39,0.71,0
2025/6/5 10:39,0.59,0
2025/6/5 10:39,0.59,0
2025/6/5 10:40,0.41,0
2025/6/5 10:40,0.42,0
2025/6/5 10:40,0.42,0
2025/6/5 10:41,0.3,0
2025/6/5 10:41,0.87,0
2025/6/5 10:41,0.87,0
2025/6/5 10:42,0.89,0
2025/6/5 10:42,1.31,0
2025/6/5 10:42,1.31,0
2025/6/5 10:43,1.02,0
2025/6/5 10:43,0.62,0
2025/6/5 10:43,0.62,0
2025/6/5 10:44,0.37,0
2025/6/5 10:44,0.29,0
2025/6/5 10:44,0.29,0
2025/6/5 10:45,0.17,0
2025/6/5 10:45,0.16,0
2025/6/5 10:45,0.16,0
2025/6/5 10:46,0.1,1
2025/6/5 10:46,0.06,1
2025/6/5 10:46,0.06,1
2025/6/5 10:47,0.03,1
2025/6/5 10:47,0.02,1
2025/6/5 10:47,0.02,1
2025/6/5 10:48,0.15,0
2025/6/5 10:48,0.09,1
2025/6/5 10:48,0.09,1
2025/6/5 10:49,0.13,0
2025/6/5 10:49,0.58,0
2025/6/5 10:49,0.58,0
2025/6/5 10:50,0.41,0
2025/6/5 10:50,0.31,0
2025/6/5 10:50,0.31,0
2025/6/5 10:51,0.55,0
2025/6/5 10:51,0.39,0
2025/6/5 10:51,0.39,0
2025/6/5 10:52,0.23,0
2025/6/5 10:52,0.28,0
2025/6/5 10:52,0.28,0
2025/6/5 10:53,0.49,0
2025/6/5 10:53,0.29,0
2025/6/5 10:53,0.29,0
2025/6/5 10:54,0.25,0
2025/6/5 10:54,0.34,0
2025/6/5 10:54,0.34,0
2025/6/5 10:55,0.2,0
2025/6/5 10:55,0.3,0
2025/6/5 10:55,0.3,0
2025/6/5 10:56,0.18,0
2025/6/5 10:56,0.11,1
2025/6/5 10:56,0.11,1
2025/6/5 10:57,0.13,0
2025/6/5 10:57,0.08,1
2025/6/5 10:57,0.08,1
2025/6/5 10:58,0.05,1
2025/6/5 10:58,0.08,1
2025/6/5 10:58,0.08,1
2025/6/5 10:59,0.13,0
2025/6/5 10:59,0.28,0
2025/6/5 10:59,0.28,0
2025/6/5 11:00,0.59,0
2025/6/5 11:00,0.99,0
2025/6/5 11:00,0.99,0
2025/6/5 11:01,1.59,0
2025/6/5 11:01,1.02,0
2025/6/5 11:01,1.02,0
2025/6/5 11:02,0.7,0
2025/6/5 11:02,0.42,0
2025/6/5 11:02,0.42,0
2025/6/5 11:03,0.25,0
2025/6/5 11:03,0.15,0
2025/6/5 11:03,0.15,0
2025/6/5 11:04,0.41,0
2025/6/5 11:04,0.61,0
2025/6/5 11:04,0.61,0
2025/6/5 11:05,0.53,0
2025/6/5 11:05,0.4,0
2025/6/5 11:05,0.4,0
2025/6/5 11:06,0.24,0
2025/6/5 11:06,0.46,0
2025/6/5 11:06,0.46,0
2025/6/5 11:07,0.36,0
2025/6/5 11:07,0.22,0
2025/6/5 11:07,0.22,0
2025/6/5 11:08,0.21,0
2025/6/5 11:08,0.13,0
2025/6/5 11:08,0.13,0
2025/6/5 11:09,0.14,0
2025/6/5 11:09,2.09,0
2025/6/5 11:09,2.09,0
2025/6/5 11:10,1.75,0
2025/6/5 11:10,1.13,0
2025/6/5 11:10,1.13,0
2025/6/5 11:11,0.82,0
2025/6/5 11:11,0.49,0
2025/6/5 11:11,0.49,0
2025/6/5 11:12,1.99,0
2025/6/5 11:12,1.21,0
2025/6/5 11:12,1.21,0
2025/6/5 11:13,1.0,0
2025/6/5 11:13,0.67,0
2025/6/5 11:13,0.67,0
2025/6/5 11:14,0.47,0
2025/6/5 11:14,0.28,0
2025/6/5 11:14,0.28,0
2025/6/5 11:15,0.23,0
2025/6/5 11:15,0.2,0
2025/6/5 11:15,0.2,0
2025/6/5 11:16,0.33,0
2025/6/5 11:16,0.38,0
2025/6/5 11:16,0.38,0
2025/6/5 11:17,0.32,0
2025/6/5 11:17,0.4,0
2025/6/5 11:17,0.4,0
2025/6/5 11:18,0.69,0
2025/6/5 11:18,1.1,0
2025/6/5 11:18,1.1,0
2025/6/5 11:19,0.85,0
2025/6/5 11:19,1.65,0
2025/6/5 11:19,1.65,0
2025/6/5 11:20,1.25,0
2025/6/5 11:20,1.56,0
2025/6/5 11:20,1.56,0
2025/6/5 11:21,1.01,0
2025/6/5 11:21,0.68,0
2025/6/5 11:21,0.68,0
2025/6/5 11:22,0.54,0
2025/6/5 11:22,0.39,0
2025/6/5 11:22,0.39,0
2025/6/5 11:23,0.31,0
2025/6/5 11:23,0.54,0
2025/6/5 11:23,0.54,0
2025/6/5 11:24,0.47,0
2025/6/5 11:24,0.43,0
2025/6/5 11:24,0.43,0
2025/6/5 11:25,0.55,0
2025/6/5 11:25,0.41,0
2025/6/5 11:25,0.41,0
2025/6/5 11:26,0.25,0
2025/6/5 11:26,0.21,0
2025/6/5 11:26,0.21,0
2025/6/5 11:27,0.18,0
2025/6/5 11:27,0.11,1
2025/6/5 11:27,0.11,1
2025/6/5 11:28,0.13,0
2025/6/5 11:28,0.08,1
2025/6/5 11:28,0.08,1
2025/6/5 11:29,0.04,1
2025/6/5 11:29,0.03,1
2025/6/5 11:29,0.03,1
2025/6/5 11:30,0.08,1
2025/6/5 11:30,0.05,1
2025/6/5 11:30,0.05,1
2025/6/5 11:31,0.03,1
2025/6/5 11:31,0.02,1
2025/6/5 11:31,0.02,1
2025/6/5 11:32,0.01,1
2025/6/5 11:32,0.06,1
2025/6/5 11:32,0.06,1
2025/6/5 11:33,0.09,1
2025/6/5 11:33,0.05,1
2025/6/5 11:33,0.05,1
2025/6/5 11:34,0.03,1
2025/6/5 11:34,0.02,1
2025/6/5 11:34,0.02,1
2025/6/5 11:35,0.2,0
2025/6/5 11:35,0.32,0
2025/6/5 11:35,0.32,0
2025/6/5 11:36,0.19,0
2025/6/5 11:36,0.12,1
2025/6/5 11:36,0.12,1
2025/6/5 11:37,0.26,0
2025/6/5 11:37,0.16,0
2025/6/5 11:37,0.16,0
2025/6/5 11:38,0.09,1
2025/6/5 11:38,0.13,0
2025/6/5 11:38,0.13,0
2025/6/5 11:39,0.45,0
2025/6/5 11:39,0.43,0
2025/6/5 11:39,0.43,0
2025/6/5 11:40,0.26,0
2025/6/5 11:40,0.41,0
2025/6/5 11:40,0.41,0
2025/6/5 11:41,0.37,0
2025/6/5 11:41,0.78,0
2025/6/5 11:41,0.78,0
2025/6/5 11:42,0.72,0
2025/6/5 11:42,1.49,0
2025/6/5 11:42,1.49,0
2025/6/5 11:43,1.52,0
2025/6/5 11:43,1.11,0
2025/6/5 11:43,1.11,0
2025/6/5 11:44,0.67,0
2025/6/5 11:44,0.47,0
2025/6/5 11:44,0.47,0
2025/6/5 11:45,0.52,0
2025/6/5 11:45,0.51,0
2025/6/5 11:45,0.51,0
2025/6/5 11:46,0.48,0
2025/6/5 11:46,0.37,0
2025/6/5 11:46,0.37,0
2025/6/5 11:47,0.3,0
2025/6/5 11:47,0.24,0
2025/6/5 11:47,0.24,0
2025/6/5 11:48,0.14,0
2025/6/5 11:48,0.16,0
2025/6/5 11:48,0.16,0
2025/6/5 11:49,0.16,0
2025/6/5 11:49,0.55,0
2025/6/5 11:49,0.55,0
2025/6/5 11:50,0.39,0
2025/6/5 11:50,0.3,0
2025/6/5 11:50,0.3,0
2025/6/5 11:51,0.42,0
2025/6/5 11:51,0.32,0
2025/6/5 11:51,0.32,0
2025/6/5 11:52,0.19,0
2025/6/5 11:52,0.12,1
2025/6/5 11:52,0.12,1
2025/6/5 11:53,0.07,1
2025/6/5 11:53,0.17,0
2025/6/5 11:53,0.17,0
2025/6/5 11:54,0.1,1
2025/6/5 11:54,1.6,0
2025/6/5 11:54,1.6,0
2025/6/5 11:55,0.97,0
2025/6/5 11:55,0.58,0
2025/6/5 11:55,0.58,0
2025/6/5 11:56,0.42,0
2025/6/5 11:56,0.66,0
2025/6/5 11:56,0.66,0
2025/6/5 11:57,1.09,0
2025/6/5 11:57,0.72,0
2025/6/5 11:57,0.72,0
2025/6/5 11:58,0.67,0
2025/6/5 11:58,0.57,0
2025/6/5 11:58,0.57,0
2025/6/5 11:59,0.48,0
2025/6/5 11:59,0.56,0
2025/6/5 11:59,0.56,0
2025/6/5 12:00,0.39,0
2025/6/5 12:00,0.24,0
2025/6/5 12:00,0.24,0
2025/6/5 12:01,0.41,0
2025/6/5 12:01,0.56,0
2025/6/5 12:01,0.56,0
2025/6/5 12:02,0.41,0
2025/6/5 12:02,0.25,0
2025/6/5 12:02,0.25,0
2025/6/5 12:03,0.2,0
2025/6/5 12:03,0.12,1
2025/6/5 12:03,0.12,1
2025/6/5 12:04,0.14,0
2025/6/5 12:04,0.08,1
2025/6/5 12:04,0.08,1
2025/6/5 12:05,0.17,0
2025/6/5 12:05,0.1,1
2025/6/5 12:05,0.1,1
2025/6/5 12:06,0.12,1
2025/6/5 12:06,0.73,0
2025/6/5 12:06,0.73,0
2025/6/5 12:07,0.51,0
2025/6/5 12:07,0.31,0
2025/6/5 12:07,0.31,0
2025/6/5 12:08,0.25,0
2025/6/5 12:08,0.15,0
2025/6/5 12:08,0.15,0
2025/6/5 12:09,0.39,0
2025/6/5 12:09,0.23,0
2025/6/5 12:09,0.23,0
2025/6/5 12:10,0.35,0
2025/6/5 12:10,0.27,0
2025/6/5 12:10,0.27,0
2025/6/5 12:11,0.24,0
2025/6/5 12:11,0.36,0
2025/6/5 12:11,0.36,0
2025/6/5 12:12,0.3,0
2025/6/5 12:12,0.18,0
2025/6/5 12:12,0.18,0
2025/6/5 12:13,0.38,0
2025/6/5 12:13,0.3,0
2025/6/5 12:13,0.3,0
2025/6/5 12:14,0.79,0
2025/6/5 12:14,0.77,0
2025/6/5 12:14,0.77,0
2025/6/5 12:15,0.46,0
2025/6/5 12:15,0.35,0
2025/6/5 12:15,0.35,0
2025/6/5 12:16,0.21,0
2025/6/5 12:16,0.13,0
2025/6/5 12:16,0.13,0
2025/6/5 12:17,0.08,1
2025/6/5 12:17,2.67,0
2025/6/5 12:17,2.67,0
2025/6/5 12:18,2.4,0
2025/6/5 12:18,1.52,0
2025/6/5 12:18,1.52,0
2025/6/5 12:19,0.92,0
2025/6/5 12:19,0.92,0
2025/6/5 12:19,0.92,0
2025/6/5 12:20,0.75,0
2025/6/5 12:20,1.32,0
2025/6/5 12:20,1.32,0
2025/6/5 12:21,1.13,0
2025/6/5 12:21,2.09,0
2025/6/5 12:21,2.09,0
2025/6/5 12:22,1.9,0
2025/6/5 12:22,1.87,0
2025/6/5 12:22,1.87,0
2025/6/5 12:23,2.03,0
2025/6/5 12:23,2.8,0
2025/6/5 12:23,2.8,0
2025/6/5 12:24,2.38,0
2025/6/5 12:24,1.76,0
2025/6/5 12:24,1.76,0
2025/6/5 12:25,1.62,0
2025/6/5 12:25,1.72,0
2025/6/5 12:25,1.72,0
2025/6/5 12:26,1.29,0
2025/6/5 12:26,1.36,0
2025/6/5 12:26,1.36,0
2025/6/5 12:27,1.8,0
2025/6/5 12:27,1.51,0
2025/6/5 12:27,1.51,0
2025/6/5 12:28,1.41,0
2025/6/5 12:28,1.86,0
2025/6/5 12:28,1.86,0
2025/6/5 12:29,1.31,0
2025/6/5 12:29,1.14,0
2025/6/5 12:29,1.14,0
2025/6/5 12:30,0.8,0
2025/6/5 12:30,0.48,0
2025/6/5 12:30,0.48,0
2025/6/5 12:31,0.49,0
2025/6/5 12:31,0.37,0
2025/6/5 12:31,0.37,0
2025/6/5 12:32,0.22,0
2025/6/5 12:32,0.36,0
2025/6/5 12:32,0.36,0
2025/6/5 12:33,0.27,0
2025/6/5 12:33,0.88,0
2025/6/5 12:33,0.88,0
2025/6/5 12:34,0.69,0
2025/6/5 12:34,0.49,0
2025/6/5 12:34,0.49,0
2025/6/5 12:35,0.36,0
2025/6/5 12:35,0.34,0
2025/6/5 12:35,0.34,0
2025/6/5 12:36,0.28,0
2025/6/5 12:36,0.22,0
2025/6/5 12:36,0.22,0
2025/6/5 12:37,0.2,0
2025/6/5 12:37,0.38,0
2025/6/5 12:37,0.38,0
2025/6/5 12:38,0.23,0
2025/6/5 12:38,0.21,0
2025/6/5 12:38,0.21,0
2025/6/5 12:39,0.12,1
2025/6/5 12:39,0.07,1
2025/6/5 12:39,0.07,1
2025/6/5 12:40,0.04,1
2025/6/5 12:40,0.02,1
2025/6/5 12:40,0.02,1
2025/6/5 12:41,0.51,0
2025/6/5 12:41,0.37,0
2025/6/5 12:41,0.37,0
2025/6/5 12:42,0.22,0
2025/6/5 12:42,0.45,0
2025/6/5 12:42,0.45,0
2025/6/5 12:43,0.27,0
2025/6/5 12:43,0.5,0
2025/6/5 12:43,0.5,0
2025/6/5 12:44,0.74,0
2025/6/5 12:44,1.31,0
2025/6/5 12:44,1.31,0
2025/6/5 12:45,1.05,0
2025/6/5 12:45,0.75,0
2025/6/5 12:45,0.75,0
2025/6/5 12:46,0.45,0
2025/6/5 12:46,0.46,0
2025/6/5 12:46,0.46,0
2025/6/5 12:47,0.52,0
2025/6/5 12:47,0.39,0
2025/6/5 12:47,0.39,0
2025/6/5 12:48,0.59,0
2025/6/5 12:48,0.51,0
2025/6/5 12:48,0.51,0
2025/6/5 12:49,0.48,0
2025/6/5 12:49,0.41,0
2025/6/5 12:49,0.41,0
2025/6/5 12:50,0.25,0
2025/6/5 12:50,0.2,0
2025/6/5 12:50,0.2,0
2025/6/5 12:51,0.19,0
2025/6/5 12:51,0.11,1
2025/6/5 12:51,0.11,1
2025/6/5 12:52,0.7,0
2025/6/5 12:52,0.66,0
2025/6/5 12:52,0.66,0
2025/6/5 12:53,0.54,0
2025/6/5 12:53,0.48,0
2025/6/5 12:53,0.48,0
2025/6/5 12:54,3.02,1
2025/6/5 12:54,1.99,0
2025/6/5 12:54,1.99,0
2025/6/5 12:55,1.32,0
2025/6/5 12:55,0.88,0
2025/6/5 12:55,0.88,0
2025/6/5 12:56,1.09,0
2025/6/5 12:56,0.71,0
2025/6/5 12:56,0.71,0
2025/6/5 12:57,1.13,0
2025/6/5 12:57,1.38,0
2025/6/5 12:57,1.38,0
2025/6/5 12:58,0.91,0
2025/6/5 12:58,0.69,0
2025/6/5 12:58,0.69,0
2025/6/5 12:59,0.61,0
2025/6/5 12:59,0.51,0
2025/6/5 12:59,0.51,0
2025/6/5 13:00,0.52,0
2025/6/5 13:00,1.27,0
2025/6/5 13:00,1.27,0
2025/6/5 13:01,0.91,0
2025/6/5 13:01,1.63,0
2025/6/5 13:01,1.63,0
2025/6/5 13:02,1.37,0
2025/6/5 13:02,1.39,0
2025/6/5 13:02,1.39,0
2025/6/5 13:03,1.97,0
2025/6/5 13:03,1.59,0
2025/6/5 13:03,1.59,0
2025/6/5 13:04,1.17,0
2025/6/5 13:04,1.19,0
2025/6/5 13:04,1.19,0
2025/6/5 13:05,0.84,0
2025/6/5 13:05,0.65,0
2025/6/5 13:05,0.65,0
2025/6/5 13:06,0.46,0
2025/6/5 13:06,0.43,0
2025/6/5 13:06,0.43,0
2025/6/5 13:07,0.32,0
2025/6/5 13:07,0.41,0
2025/6/5 13:07,0.41,0
2025/6/5 13:08,0.46,0
2025/6/5 13:08,0.28,0
2025/6/5 13:08,0.28,0
2025/6/5 13:09,0.24,0
2025/6/5 13:09,0.14,0
2025/6/5 13:09,0.14,0
2025/6/5 13:10,0.15,0
2025/6/5 13:10,0.14,0
2025/6/5 13:10,0.14,0
2025/6/5 13:11,0.09,1
2025/6/5 13:11,0.29,0
2025/6/5 13:11,0.29,0
2025/6/5 13:12,0.26,0
2025/6/5 13:12,0.81,0
2025/6/5 13:12,0.81,0
2025/6/5 13:13,0.72,0
2025/6/5 13:13,0.66,0
2025/6/5 13:13,0.66,0
2025/6/5 13:14,0.47,0
2025/6/5 13:14,0.28,0
2025/6/5 13:14,0.28,0
2025/6/5 13:15,0.17,0
2025/6/5 13:15,0.1,1
2025/6/5 13:15,0.1,1
2025/6/5 13:16,0.39,0
2025/6/5 13:16,0.29,0
2025/6/5 13:16,0.29,0
2025/6/5 13:17,0.17,0
2025/6/5 13:17,0.1,1
2025/6/5 13:17,0.1,1
2025/6/5 13:18,0.06,1
2025/6/5 13:18,0.1,1
2025/6/5 13:18,0.1,1
2025/6/5 13:19,0.11,1
2025/6/5 13:19,0.2,0
2025/6/5 13:19,0.2,0
2025/6/5 13:20,0.12,1
2025/6/5 13:20,0.14,0
2025/6/5 13:20,0.14,0
2025/6/5 13:21,0.21,0
2025/6/5 13:21,0.13,0
2025/6/5 13:21,0.13,0
2025/6/5 13:22,0.15,0
2025/6/5 13:22,0.09,1
2025/6/5 13:22,0.09,1
2025/6/5 13:23,0.19,0
2025/6/5 13:23,0.23,0
2025/6/5 13:23,0.23,0
2025/6/5 13:24,0.34,0
2025/6/5 13:24,0.34,0
2025/6/5 13:24,0.34,0
2025/6/5 13:25,0.35,0
2025/6/5 13:25,0.28,0
2025/6/5 13:25,0.28,0
2025/6/5 13:26,1.6,0
2025/6/5 13:26,2.46,0
2025/6/5 13:26,2.46,0
2025/6/5 13:27,2.59,0
2025/6/5 13:27,2.32,0
2025/6/5 13:27,2.32,0
2025/6/5 13:28,1.47,0
2025/6/5 13:28,1.11,0
2025/6/5 13:28,1.11,0
2025/6/5 13:29,1.16,0
2025/6/5 13:29,0.94,0
2025/6/5 13:29,0.94,0
2025/6/5 13:30,0.65,0
2025/6/5 13:30,0.6,0
2025/6/5 13:30,0.6,0
2025/6/5 13:31,1.08,0
2025/6/5 13:31,0.65,0
2025/6/5 13:31,0.65,0
2025/6/5 13:32,0.4,0
2025/6/5 13:32,0.24,0
2025/6/5 13:32,0.24,0
2025/6/5 13:33,0.14,0
2025/6/5 13:33,0.28,0
2025/6/5 13:33,0.28,0
2025/6/5 13:34,0.24,0
2025/6/5 13:34,0.2,0
2025/6/5 13:34,0.2,0
2025/6/5 13:35,0.2,0
2025/6/5 13:35,0.45,0
2025/6/5 13:35,0.45,0
2025/6/5 13:36,0.38,0
2025/6/5 13:36,0.23,0
2025/6/5 13:36,0.23,0
2025/6/5 13:37,0.19,0
2025/6/5 13:37,0.19,0
2025/6/5 13:37,0.19,0
2025/6/5 13:38,0.53,0
2025/6/5 13:38,0.32,0
2025/6/5 13:38,0.32,0
2025/6/5 13:39,0.33,0
2025/6/5 13:39,0.47,0
2025/6/5 13:39,0.47,0
2025/6/5 13:40,0.34,0
2025/6/5 13:40,0.38,0
2025/6/5 13:40,0.38,0
2025/6/5 13:41,0.34,0
2025/6/5 13:41,0.43,0
2025/6/5 13:41,0.43,0
2025/6/5 13:42,1.32,0
2025/6/5 13:42,0.88,0
2025/6/5 13:42,0.88,0
2025/6/5 13:43,0.53,0
2025/6/5 13:43,0.48,0
2025/6/5 13:43,0.48,0
2025/6/5 13:44,0.48,0
2025/6/5 13:44,0.42,0
2025/6/5 13:44,0.42,0
2025/6/5 13:45,0.64,0
2025/6/5 13:45,0.91,0
2025/6/5 13:45,0.91,0
2025/6/5 13:46,0.61,0
2025/6/5 13:46,0.48,0
2025/6/5 13:46,0.48,0
2025/6/5 13:47,0.76,0
2025/6/5 13:47,0.46,0
2025/6/5 13:47,0.46,0
2025/6/5 13:48,0.28,0
2025/6/5 13:48,0.68,0
2025/6/5 13:48,0.68,0
2025/6/5 13:49,0.41,0
2025/6/5 13:49,0.25,0
2025/6/5 13:49,0.25,0
2025/6/5 13:50,0.23,0
2025/6/5 13:50,0.26,0
2025/6/5 13:50,0.26,0
2025/6/5 13:51,0.63,0
2025/6/5 13:51,0.38,0
2025/6/5 13:51,0.38,0
2025/6/5 13:52,0.23,0
2025/6/5 13:52,0.14,0
2025/6/5 13:52,0.14,0
2025/6/5 13:53,0.14,0
2025/6/5 13:53,0.08,1
2025/6/5 13:53,0.08,1
2025/6/5 13:54,0.05,1
2025/6/5 13:54,0.11,1
2025/6/5 13:54,0.11,1
2025/6/5 13:55,0.18,0
2025/6/5 13:55,0.17,0
2025/6/5 13:55,0.17,0
2025/6/5 13:56,0.24,0
2025/6/5 13:56,0.14,0
2025/6/5 13:56,0.14,0
2025/6/5 13:57,0.09,1
2025/6/5 13:57,0.79,0
2025/6/5 13:57,0.79,0
2025/6/5 13:58,1.21,0
2025/6/5 13:58,1.09,0
2025/6/5 13:58,1.09,0
2025/6/5 13:59,0.66,0
2025/6/5 13:59,0.4,0
2025/6/5 13:59,0.4,0
2025/6/5 14:00,0.46,0
2025/6/5 14:00,0.58,0
2025/6/5 14:00,0.58,0
2025/6/5 14:01,0.35,0
2025/6/5 14:01,0.28,0
2025/6/5 14:01,0.28,0
2025/6/5 14:02,0.59,0
2025/6/5 14:02,1.66,0
2025/6/5 14:02,1.66,0
2025/6/5 14:03,1.08,0
2025/6/5 14:03,0.65,0
2025/6/5 14:03,0.65,0
2025/6/5 14:04,0.39,0
2025/6/5 14:04,0.31,0
2025/6/5 14:04,0.31,0
2025/6/5 14:05,0.19,0
2025/6/5 14:05,0.17,0
2025/6/5 14:05,0.17,0
2025/6/5 14:06,1.05,0
2025/6/5 14:06,0.93,0
2025/6/5 14:06,0.93,0
2025/6/5 14:07,0.67,0
2025/6/5 14:07,0.57,0
2025/6/5 14:07,0.57,0
2025/6/5 14:08,0.4,0
2025/6/5 14:08,0.36,0
2025/6/5 14:08,0.36,0
2025/6/5 14:09,0.39,0
2025/6/5 14:09,0.36,0
2025/6/5 14:09,0.36,0
2025/6/5 14:10,0.27,0
2025/6/5 14:10,0.16,0
2025/6/5 14:10,0.16,0
2025/6/5 14:11,0.17,0
2025/6/5 14:11,0.22,0
2025/6/5 14:11,0.22,0
2025/6/5 14:12,0.27,0
2025/6/5 14:12,0.23,0
2025/6/5 14:12,0.23,0
2025/6/5 14:13,0.14,0
2025/6/5 14:13,1.26,0
2025/6/5 14:13,1.26,0
2025/6/5 14:14,2.66,0
2025/6/5 14:14,1.61,0
2025/6/5 14:14,1.61,0
2025/6/5 14:15,0.98,0
2025/6/5 14:15,0.88,0
2025/6/5 14:15,0.88,0
2025/6/5 14:16,0.53,0
2025/6/5 14:16,0.38,0
2025/6/5 14:16,0.38,0
2025/6/5 14:17,0.29,0
2025/6/5 14:17,0.37,0
2025/6/5 14:17,0.37,0
2025/6/5 14:18,0.95,0
2025/6/5 14:18,0.57,0
2025/6/5 14:18,0.57,0
2025/6/5 14:19,0.43,0
2025/6/5 14:19,0.4,0
2025/6/5 14:19,0.4,0
2025/6/5 14:20,0.39,0
2025/6/5 14:20,0.24,0
2025/6/5 14:20,0.24,0
2025/6/5 14:21,0.2,0
2025/6/5 14:21,0.18,0
2025/6/5 14:21,0.18,0
2025/6/5 14:22,0.22,0
2025/6/5 14:22,0.13,0
2025/6/5 14:22,0.13,0
2025/6/5 14:23,0.08,1
2025/6/5 14:23,0.05,1
2025/6/5 14:23,0.05,1
2025/6/5 14:24,0.09,1
2025/6/5 14:24,0.05,1
2025/6/5 14:24,0.05,1
2025/6/5 14:25,0.03,1
2025/6/5 14:25,0.08,1
2025/6/5 14:25,0.08,1
2025/6/5 14:26,0.1,1
2025/6/5 14:26,0.12,1
2025/6/5 14:26,0.12,1
2025/6/5 14:27,0.19,0
2025/6/5 14:27,0.59,0
2025/6/5 14:27,0.59,0
2025/6/5 14:28,0.69,0
2025/6/5 14:28,0.85,0
2025/6/5 14:28,0.85,0
2025/6/5 14:29,0.68,0
2025/6/5 14:29,0.84,0
2025/6/5 14:29,0.84,0
2025/6/5 14:30,0.64,0
2025/6/5 14:30,0.38,0
2025/6/5 14:30,0.38,0
2025/6/5 14:31,0.29,0
2025/6/5 14:31,0.25,0
2025/6/5 14:31,0.25,0
2025/6/5 14:32,0.59,0
2025/6/5 14:32,0.83,0
2025/6/5 14:32,0.83,0
2025/6/5 14:33,0.98,0
2025/6/5 14:33,0.75,0
2025/6/5 14:33,0.75,0
2025/6/5 14:34,0.45,0
2025/6/5 14:34,0.27,0
2025/6/5 14:34,0.27,0
2025/6/5 14:35,0.41,0
2025/6/5 14:35,0.4,0
2025/6/5 14:35,0.4,0
2025/6/5 14:36,0.31,0
2025/6/5 14:36,0.25,0
2025/6/5 14:36,0.25,0
2025/6/5 14:37,0.15,0
2025/6/5 14:37,0.09,1
2025/6/5 14:37,0.09,1
2025/6/5 14:38,0.46,0
2025/6/5 14:38,0.58,0
2025/6/5 14:38,0.58,0
2025/6/5 14:39,0.55,0
2025/6/5 14:39,1.2,0
2025/6/5 14:39,1.2,0
2025/6/5 14:40,0.8,0
2025/6/5 14:40,0.86,0
2025/6/5 14:40,0.86,0
2025/6/5 14:41,0.52,0
2025/6/5 14:41,0.32,0
2025/6/5 14:41,0.32,0
2025/6/5 14:42,0.19,0
2025/6/5 14:42,0.11,1
2025/6/5 14:42,0.11,1
2025/6/5 14:43,0.65,0
2025/6/5 14:43,0.6,0
2025/6/5 14:43,0.6,0
2025/6/5 14:44,0.42,0
2025/6/5 14:44,0.47,0
2025/6/5 14:44,0.47,0
2025/6/5 14:45,0.41,0
2025/6/5 14:45,0.41,0
2025/6/5 14:45,0.41,0
2025/6/5 14:46,0.56,0
2025/6/5 14:46,0.6,0
2025/6/5 14:46,0.6,0
2025/6/5 14:47,0.78,0
2025/6/5 14:47,1.15,0
2025/6/5 14:47,1.15,0
2025/6/5 14:48,0.82,0
2025/6/5 14:48,0.69,0
2025/6/5 14:48,0.69,0
2025/6/5 14:49,0.54,0
2025/6/5 14:49,0.53,0
2025/6/5 14:49,0.53,0
2025/6/5 14:50,0.55,0
2025/6/5 14:50,0.47,0
2025/6/5 14:50,0.47,0
2025/6/5 14:51,0.63,0
2025/6/5 14:51,0.51,0
2025/6/5 14:51,0.51,0
2025/6/5 14:52,0.44,0
2025/6/5 14:52,0.33,0
2025/6/5 14:52,0.33,0
2025/6/5 14:53,0.35,0
2025/6/5 14:53,0.38,0
2025/6/5 14:53,0.38,0
2025/6/5 14:54,0.42,0
2025/6/5 14:54,0.31,0
2025/6/5 14:54,0.31,0
2025/6/5 14:55,0.19,0
2025/6/5 14:55,0.37,0
2025/6/5 14:55,0.37,0
2025/6/5 14:56,0.23,0
2025/6/5 14:56,0.19,0
2025/6/5 14:56,0.19,0
2025/6/5 14:57,0.24,0
2025/6/5 14:57,0.21,0
2025/6/5 14:57,0.21,0
2025/6/5 14:58,0.18,0
2025/6/5 14:58,0.11,1
2025/6/5 14:58,0.11,1
2025/6/5 14:59,0.13,0
2025/6/5 14:59,0.08,1
2025/6/5 14:59,0.08,1
2025/6/5 15:00,0.45,0
2025/6/5 15:00,0.27,0
2025/6/5 15:00,0.27,0
2025/6/5 15:01,0.16,0
2025/6/5 15:01,0.1,1
2025/6/5 15:01,0.1,1
2025/6/5 15:02,0.06,1
2025/6/5 15:02,0.14,0
2025/6/5 15:02,0.14,0
2025/6/5 15:03,0.32,0
2025/6/5 15:03,0.19,0
2025/6/5 15:03,0.19,0
2025/6/5 15:04,0.18,0
2025/6/5 15:04,0.11,1
2025/6/5 15:04,0.11,1
2025/6/5 15:05,0.07,1
2025/6/5 15:05,0.21,0
2025/6/5 15:05,0.21,0
2025/6/5 15:06,0.18,0
2025/6/5 15:06,0.18,0
2025/6/5 15:06,0.18,0
2025/6/5 15:07,0.11,1
2025/6/5 15:07,0.13,0
2025/6/5 15:07,0.13,0
2025/6/5 15:08,0.16,0
2025/6/5 15:08,0.34,0
2025/6/5 15:08,0.34,0
2025/6/5 15:09,0.29,0
2025/6/5 15:09,0.4,0
2025/6/5 15:09,0.4,0
2025/6/5 15:10,2.2,0
2025/6/5 15:10,3.03,1
2025/6/5 15:10,3.03,1
2025/6/5 15:11,2.73,0
2025/6/5 15:11,2.71,0
2025/6/5 15:11,2.71,0
2025/6/5 15:12,2.39,0
2025/6/5 15:12,1.66,0
2025/6/5 15:12,1.66,0
2025/6/5 15:13,1.01,0
2025/6/5 15:13,0.67,0
2025/6/5 15:13,0.67,0
2025/6/5 15:14,1.09,0
2025/6/5 15:14,0.74,0
2025/6/5 15:14,0.74,0
2025/6/5 15:15,0.72,0
2025/6/5 15:15,0.44,0
2025/6/5 15:15,0.44,0
2025/6/5 15:16,0.46,0
2025/6/5 15:16,0.47,0
2025/6/5 15:16,0.47,0
2025/6/5 15:17,0.28,0
2025/6/5 15:17,0.29,0
2025/6/5 15:17,0.29,0
2025/6/5 15:18,0.24,0
2025/6/5 15:18,0.21,0
2025/6/5 15:18,0.21,0
2025/6/5 15:19,0.12,1
2025/6/5 15:19,0.58,0
2025/6/5 15:19,0.58,0
2025/6/5 15:20,0.49,0
2025/6/5 15:20,0.35,0
2025/6/5 15:20,0.35,0
2025/6/5 15:21,0.21,0
2025/6/5 15:21,0.25,0
2025/6/5 15:21,0.25,0
2025/6/5 15:22,0.23,0
2025/6/5 15:22,0.38,0
2025/6/5 15:22,0.38,0
2025/6/5 15:23,0.23,0
2025/6/5 15:23,0.22,0
2025/6/5 15:23,0.22,0
2025/6/5 15:24,0.13,0
2025/6/5 15:24,0.15,0
2025/6/5 15:24,0.15,0
2025/6/5 15:25,0.26,0
2025/6/5 15:25,0.16,0
2025/6/5 15:25,0.16,0
2025/6/5 15:26,0.24,0
2025/6/5 15:26,0.34,0
2025/6/5 15:26,0.34,0
2025/6/5 15:27,0.27,0
2025/6/5 15:27,0.62,0
2025/6/5 15:27,0.62,0
2025/6/5 15:28,0.37,0
2025/6/5 15:28,0.29,0
2025/6/5 15:28,0.29,0
2025/6/5 15:29,0.46,0
2025/6/5 15:29,0.35,0
2025/6/5 15:29,0.35,0
2025/6/5 15:30,0.46,0
2025/6/5 15:30,0.34,0
2025/6/5 15:30,0.34,0
2025/6/5 15:31,0.4,0
2025/6/5 15:31,0.66,0
2025/6/5 15:31,0.66,0
2025/6/5 15:32,0.47,0
2025/6/5 15:32,0.49,0
2025/6/5 15:32,0.49,0
2025/6/5 15:33,0.3,0
2025/6/5 15:33,0.33,0
2025/6/5 15:33,0.33,0
2025/6/5 15:34,0.28,0
2025/6/5 15:34,0.17,0
2025/6/5 15:34,0.17,0
2025/6/5 15:35,0.28,0
2025/6/5 15:35,0.17,0
2025/6/5 15:35,0.17,0
2025/6/5 15:36,0.1,1
2025/6/5 15:36,0.06,1
2025/6/5 15:36,0.06,1
2025/6/5 15:37,0.15,0
2025/6/5 15:37,0.25,0
2025/6/5 15:37,0.25,0
2025/6/5 15:38,0.15,0
2025/6/5 15:38,0.09,1
2025/6/5 15:38,0.09,1
